"","V1","V2","V3","V4","V5"
"1",1,1,0,0,NA
"2",1,1,0,0,0
"3",1,0,0,0,0
"4",1,0,0,0,0
"5",0,0,0,0,0
"6",0,1,0,1,0
"7",1,1,0,0,0
"8",0,0,0,0,1
"9",0,0,0,0,0
"10",1,0,0,0,0
"11",0,0,0,0,0
"12",1,0,0,0,0
"13",1,0,0,0,0
"14",0,1,1,0,0
"15",1,0,0,0,0
"16",1,0,0,0,0
"17",0,0,0,0,0
"18",0,0,0,0,0
"19",0,0,0,0,0
"20",0,0,0,0,0
"21",1,0,0,0,0
"22",0,0,0,0,0
"23",1,0,0,0,NA
"24",1,0,0,0,0
"25",0,0,0,0,0
"26",0,1,0,0,0
"27",1,0,0,0,0
"28",1,0,0,0,0
"29",1,1,0,0,NA
"30",1,0,0,0,0
"31",1,1,0,0,0
"32",0,1,0,0,NA
"33",1,0,1,NA,NA
"34",1,1,0,0,0
"35",1,1,0,0,0
"36",1,1,0,0,NA
"37",0,1,0,0,0
"38",0,0,0,0,NA
"39",0,1,0,0,0
"40",1,1,0,0,0
"41",0,1,0,0,0
"42",0,0,0,0,0
"43",0,0,0,0,0
"44",0,1,0,0,NA
"45",0,1,0,0,NA
"46",0,1,0,0,0
"47",1,0,1,0,0
"48",0,0,0,1,0
"49",0,0,0,0,0
"50",1,0,0,0,0
"51",0,1,0,0,0
"52",0,1,0,0,0
"53",0,0,0,0,0
"54",0,0,1,0,0
"55",0,0,0,0,0
"56",0,0,0,0,0
"57",0,1,0,0,0
"58",0,0,0,0,NA
"59",1,1,1,0,0
"60",1,0,0,0,0
"61",1,0,0,0,0
"62",1,0,0,0,0
"63",0,1,0,0,0
"64",0,0,0,0,0
"65",1,1,0,0,0
"66",1,0,0,0,0
"67",1,0,0,0,0
"68",0,1,0,0,1
"69",0,0,0,0,0
"70",1,0,0,0,0
"71",0,0,0,0,0
"72",1,0,0,0,0
"73",0,1,0,0,0
"74",1,0,1,0,0
"75",0,0,0,0,0
"76",1,0,0,0,0
"77",0,0,0,0,0
"78",0,0,0,0,0
"79",0,0,0,0,0
"80",0,0,0,0,0
"81",0,0,0,0,0
"82",1,0,0,0,0
"83",0,1,0,0,NA
"84",0,0,0,0,0
"85",0,0,0,0,0
"86",0,1,0,1,NA
"87",0,0,0,0,0
"88",0,0,0,0,0
"89",1,0,0,0,0
"90",0,1,0,0,0
"91",0,1,0,0,0
"92",1,1,0,0,NA
"93",0,1,0,0,NA
"94",1,0,0,0,0
"95",1,0,0,0,0
"96",0,1,0,0,NA
"97",0,0,0,0,0
"98",0,0,0,0,0
"99",1,0,0,0,0
"100",0,1,0,0,0
"101",1,0,0,0,0
"102",0,0,0,0,0
"103",0,0,0,0,0
"104",0,0,0,0,0
"105",0,0,0,0,0
"106",0,0,0,0,0
"107",1,1,0,0,0
"108",1,1,0,0,0
"109",0,0,0,0,NA
"110",1,0,0,0,1
"111",0,0,0,0,0
"112",1,0,0,0,0
"113",1,0,0,0,0
"114",0,0,0,0,NA
"115",0,1,0,0,0
"116",1,0,0,0,0
"117",0,1,0,0,NA
"118",0,0,0,1,0
"119",1,1,0,0,0
"120",0,1,0,0,0
"121",1,0,0,1,NA
"122",1,1,0,0,0
"123",0,0,0,1,0
"124",0,1,0,0,0
"125",0,1,0,0,0
"126",1,0,0,0,0
"127",1,1,0,0,0
"128",1,0,0,1,0
"129",0,0,0,0,0
"130",1,0,0,0,0
"131",0,1,0,0,0
"132",0,0,0,0,NA
"133",1,0,0,0,0
"134",0,0,0,0,0
"135",0,0,0,0,0
"136",0,0,0,0,0
"137",0,0,1,0,0
"138",0,0,0,0,0
"139",1,0,0,0,NA
"140",1,0,0,0,0
"141",0,0,0,0,0
"142",0,0,0,0,NA
"143",0,0,0,0,0
"144",0,1,0,0,NA
"145",1,0,0,0,0
"146",0,1,0,0,NA
"147",1,0,0,1,0
"148",0,0,0,0,0
"149",0,0,0,0,0
"150",1,1,0,0,0
"151",1,0,0,0,NA
"152",0,0,0,0,0
"153",1,1,0,0,NA
"154",0,1,0,0,NA
"155",0,1,0,0,0
"156",1,1,0,0,NA
"157",1,0,0,0,0
"158",0,1,0,0,0
"159",1,0,0,0,0
"160",0,0,0,0,0
"161",0,0,0,0,0
"162",0,0,0,0,0
"163",0,0,0,0,0
"164",0,1,0,0,0
"165",0,0,0,0,0
"166",1,0,0,0,0
"167",0,1,0,0,0
"168",1,1,0,0,0
"169",0,0,0,0,0
"170",0,0,0,0,0
"171",0,0,0,0,0
"172",0,0,0,0,0
"173",0,0,0,0,0
"174",1,NA,NA,NA,NA
"175",1,0,0,0,0
"176",1,0,0,0,0
"177",1,0,0,0,0
"178",0,0,0,0,0
"179",0,0,0,0,0
"180",1,1,0,0,0
"181",1,0,0,0,0
"182",0,1,0,0,0
"183",0,0,0,0,0
"184",1,1,0,0,0
"185",1,0,0,0,0
"186",0,1,0,0,0
"187",0,1,0,1,0
"188",0,0,0,0,0
"189",0,1,0,0,NA
"190",0,0,0,0,0
"191",1,0,0,0,0
"192",0,0,0,0,0
"193",0,1,0,0,0
"194",1,1,0,0,0
"195",0,0,0,0,0
"196",1,1,0,0,0
"197",0,0,0,0,0
"198",0,0,0,0,0
"199",1,0,1,NA,NA
"200",0,0,0,0,0
"201",0,1,0,0,0
"202",1,0,0,0,NA
"203",1,0,1,0,0
"204",1,1,0,0,0
"205",1,0,0,0,0
"206",0,0,0,0,0
"207",0,1,0,0,0
"208",0,0,0,0,0
"209",0,0,0,0,0
"210",1,0,0,0,NA
"211",0,0,0,0,NA
"212",1,0,0,0,0
"213",1,1,0,0,0
"214",1,0,0,0,NA
"215",0,0,0,0,0
"216",0,1,0,0,0
"217",1,0,0,0,0
"218",1,0,0,0,NA
"219",1,0,0,0,NA
"220",0,0,0,0,0
"221",0,0,0,0,0
"222",0,1,0,0,0
"223",1,0,0,0,0
"224",1,0,0,0,0
"225",0,0,0,0,NA
"226",1,1,0,0,0
"227",1,0,0,0,0
"228",0,1,0,0,0
"229",1,0,0,0,0
"230",1,0,0,0,0
"231",0,1,0,0,0
"232",0,0,0,NA,NA
"233",0,0,0,0,0
"234",1,0,0,0,0
"235",1,1,0,0,0
"236",1,1,0,0,0
"237",0,1,0,0,0
"238",1,1,0,0,0
"239",0,1,0,0,0
"240",1,1,0,0,0
"241",0,0,0,0,0
"242",1,0,0,0,0
"243",0,1,0,0,0
"244",1,0,0,0,0
"245",1,0,0,0,0
"246",0,0,0,0,0
"247",0,0,0,0,0
"248",1,0,0,0,0
"249",0,0,0,0,0
"250",0,0,1,0,0
"251",0,0,0,0,0
"252",1,1,0,0,0
"253",0,0,0,0,0
"254",1,0,0,0,0
"255",0,1,0,0,0
"256",0,0,0,0,0
"257",0,0,0,0,0
"258",1,0,0,0,0
"259",0,0,0,0,0
"260",1,0,0,0,0
"261",0,0,0,0,0
"262",0,0,0,0,0
"263",0,0,0,0,0
"264",0,0,0,0,0
"265",1,1,0,0,0
"266",0,0,0,0,0
"267",1,1,0,0,0
"268",0,0,0,0,0
"269",1,0,0,0,0
"270",1,0,0,1,0
"271",1,0,0,0,0
"272",1,NA,NA,NA,NA
"273",0,0,0,0,0
"274",0,0,0,0,0
"275",0,0,0,0,0
"276",0,0,0,0,0
"277",0,0,0,0,0
"278",0,0,0,0,0
"279",1,0,1,0,0
"280",0,0,0,0,0
"281",0,0,0,0,0
"282",0,1,0,0,NA
"283",0,0,0,0,0
"284",1,0,0,1,0
"285",0,0,0,0,0
"286",0,0,0,0,0
"287",1,0,0,0,NA
"288",0,1,0,0,NA
"289",0,0,0,0,0
"290",0,1,1,0,0
"291",0,0,0,0,0
"292",0,0,0,0,0
"293",1,1,0,0,0
"294",1,0,0,0,0
"295",1,0,0,0,0
"296",0,0,0,0,0
"297",0,0,0,1,0
"298",0,0,0,0,0
"299",0,0,0,0,0
"300",0,0,0,0,0
"301",0,0,0,0,0
"302",0,0,0,0,0
"303",1,1,0,0,0
"304",1,0,0,0,0
"305",0,1,0,0,0
"306",1,0,0,0,0
"307",0,1,0,0,0
"308",0,0,0,0,0
"309",0,1,0,0,0
"310",1,0,0,0,0
"311",1,0,0,0,0
"312",0,0,0,0,0
"313",0,0,0,0,0
"314",1,0,0,0,0
"315",0,0,0,0,0
"316",1,1,0,0,NA
"317",1,0,1,0,0
"318",1,1,1,0,0
"319",0,0,0,0,0
"320",1,0,0,0,0
"321",0,0,0,0,0
"322",0,0,0,0,NA
"323",1,0,0,0,0
"324",0,0,0,0,0
"325",1,1,1,0,0
"326",1,0,0,0,NA
"327",1,0,0,0,0
"328",0,0,0,0,0
"329",0,0,0,0,0
"330",0,0,0,0,0
"331",0,1,0,0,0
"332",1,0,0,0,0
"333",1,NA,NA,NA,NA
"334",1,0,0,1,0
"335",0,0,0,0,0
"336",0,0,0,0,0
"337",0,0,0,1,0
"338",1,1,0,0,0
"339",0,0,0,0,0
"340",0,0,0,0,0
"341",0,0,0,0,1
"342",0,0,0,0,0
"343",0,0,0,0,0
"344",0,0,0,0,0
"345",1,0,0,0,0
"346",0,1,0,0,0
"347",0,0,0,0,0
"348",1,1,0,NA,NA
"349",0,0,0,0,0
"350",0,1,0,0,0
"351",1,0,0,NA,NA
"352",0,0,0,0,0
"353",0,0,0,0,0
"354",1,0,0,1,0
"355",0,0,0,0,0
"356",1,0,0,0,0
"357",0,0,0,0,0
"358",0,1,1,0,0
"359",1,0,1,0,0
"360",0,0,0,1,NA
"361",1,1,0,0,NA
"362",0,0,0,0,NA
"363",1,1,0,0,0
"364",1,1,0,0,0
"365",0,0,0,0,NA
"366",0,1,0,0,1
"367",0,1,0,1,0
"368",1,0,0,0,0
"369",0,0,0,0,NA
"370",0,1,0,0,0
"371",1,1,0,0,0
"372",0,0,0,0,0
"373",0,0,1,0,0
"374",0,0,0,0,0
"375",0,0,0,0,NA
"376",1,0,0,0,0
"377",0,0,0,0,0
"378",1,0,0,0,0
"379",0,1,0,0,0
"380",0,1,1,0,1
"381",0,0,0,0,0
"382",1,0,1,0,NA
"383",1,1,0,0,0
"384",1,0,1,0,0
"385",0,1,0,0,NA
"386",0,1,0,0,0
"387",1,0,0,0,0
"388",0,0,1,0,0
"389",0,0,0,0,0
"390",1,0,0,0,0
"391",0,0,0,0,0
"392",0,0,0,0,0
"393",0,1,0,0,0
"394",0,0,1,0,0
"395",0,0,1,1,0
"396",1,1,0,0,0
"397",0,0,0,0,0
"398",0,1,0,0,0
"399",1,1,0,0,0
"400",0,0,1,0,0
"401",1,0,0,0,0
"402",0,0,0,1,0
"403",1,0,0,0,0
"404",0,0,0,0,0
"405",1,1,0,0,0
"406",0,1,0,0,0
"407",1,0,0,0,0
"408",0,0,0,0,0
"409",1,1,0,0,0
"410",0,0,0,0,0
"411",1,0,0,0,NA
"412",1,1,0,0,0
"413",1,0,0,0,0
"414",0,0,0,0,0
"415",1,1,0,1,0
"416",0,0,1,0,0
"417",0,0,0,0,0
"418",1,0,0,0,0
"419",1,0,0,0,0
"420",1,0,0,0,0
"421",0,0,0,0,0
"422",1,0,0,0,0
"423",1,0,0,0,0
"424",1,1,0,0,0
"425",1,1,0,0,NA
"426",0,1,0,0,0
"427",0,1,0,0,0
"428",0,1,0,0,0
"429",0,1,0,1,0
"430",0,0,0,0,0
"431",1,0,0,0,0
"432",1,1,0,0,0
"433",0,1,0,0,0
"434",0,0,0,0,0
"435",0,0,1,0,0
"436",1,1,0,0,0
"437",1,1,0,0,0
"438",0,1,1,1,0
"439",0,0,0,0,0
"440",0,1,0,0,0
"441",0,1,0,0,NA
"442",0,0,0,0,0
"443",1,1,0,0,0
"444",0,1,0,0,0
"445",0,0,0,0,0
"446",1,1,0,0,0
"447",1,1,0,0,0
"448",0,0,0,0,0
"449",0,0,0,0,0
"450",1,1,0,0,0
"451",1,0,0,0,0
"452",1,0,0,0,0
"453",0,0,0,0,NA
"454",0,0,0,0,0
"455",1,0,0,0,0
"456",0,1,0,1,NA
"457",1,1,0,0,0
"458",1,0,0,0,0
"459",0,1,0,0,0
"460",1,0,0,0,0
"461",0,0,0,0,0
"462",0,1,0,0,0
"463",1,0,0,NA,NA
"464",1,0,0,0,0
"465",0,1,0,1,0
"466",0,0,0,0,0
"467",1,0,0,0,0
"468",1,1,0,0,0
"469",0,1,0,0,0
"470",0,0,0,0,0
"471",0,0,0,0,0
"472",1,0,0,0,0
"473",0,1,0,0,0
"474",1,1,0,0,0
"475",0,0,0,0,0
"476",1,1,0,0,NA
"477",0,1,0,0,0
"478",1,1,0,0,0
"479",1,0,0,0,0
"480",0,0,0,0,0
"481",1,0,0,0,0
"482",0,0,1,0,0
"483",1,0,0,0,0
"484",0,1,0,0,0
"485",0,0,0,0,0
"486",1,0,0,0,0
"487",0,0,0,0,0
"488",0,0,0,0,NA
"489",0,0,0,0,0
"490",0,1,0,0,0
"491",0,1,0,0,0
"492",0,1,0,0,0
"493",1,1,1,0,0
"494",1,0,0,NA,NA
"495",1,1,0,0,0
"496",0,0,0,0,0
"497",0,1,0,0,0
"498",1,1,1,0,0
"499",0,1,0,1,0
"500",1,0,0,0,0
"501",0,1,0,0,0
"502",1,0,0,0,NA
"503",0,0,0,1,0
"504",0,1,0,0,0
"505",0,0,0,0,0
"506",1,1,0,0,0
"507",1,0,0,0,0
"508",0,0,0,1,0
"509",1,0,1,0,0
"510",1,0,0,0,NA
"511",1,0,0,1,0
"512",1,0,0,0,0
"513",0,0,0,1,0
"514",0,0,0,0,0
"515",0,0,0,0,0
"516",NA,NA,NA,NA,NA
"517",1,1,0,0,0
"518",1,0,0,1,0
"519",1,0,0,0,0
"520",1,0,0,0,0
"521",0,1,0,0,0
"522",1,1,0,0,0
"523",1,0,0,0,0
"524",0,1,0,1,0
"525",0,0,0,0,NA
"526",1,1,1,0,0
"527",1,0,0,0,0
"528",1,0,0,0,0
"529",1,0,0,0,0
"530",0,0,0,0,NA
"531",0,0,1,NA,NA
"532",1,0,0,0,0
"533",0,1,0,0,0
"534",0,0,0,0,0
"535",0,0,1,0,0
"536",1,1,0,NA,NA
"537",0,0,0,0,0
"538",0,0,0,0,0
"539",1,1,0,0,0
"540",0,1,0,0,0
"541",0,0,1,0,0
"542",0,1,0,0,0
"543",1,0,0,0,0
"544",1,0,0,0,0
"545",0,1,0,0,0
"546",0,0,0,0,1
"547",0,1,0,0,0
"548",1,0,0,0,0
"549",0,0,1,0,0
"550",0,1,0,0,0
"551",0,0,0,0,0
"552",0,1,0,0,0
"553",1,1,0,0,0
"554",0,1,0,1,0
"555",1,0,0,1,0
"556",0,0,0,0,0
"557",1,1,0,0,0
"558",0,1,0,0,NA
"559",0,1,0,0,0
"560",1,0,0,0,0
"561",1,0,0,0,0
"562",0,0,0,1,0
"563",0,1,1,0,0
"564",0,1,0,0,0
"565",0,0,1,0,0
"566",1,0,0,1,0
"567",1,0,0,0,0
"568",0,0,0,1,0
"569",1,0,0,0,0
"570",0,1,0,0,0
"571",1,0,0,0,0
"572",0,1,0,0,NA
"573",0,0,0,0,0
"574",0,0,0,0,0
"575",0,0,0,0,NA
"576",0,0,0,0,0
"577",1,1,0,0,0
"578",0,0,0,0,NA
"579",0,0,0,0,0
"580",1,0,0,0,NA
"581",1,0,0,0,0
"582",1,1,0,0,0
"583",1,0,0,0,0
"584",0,0,0,0,0
"585",0,0,0,0,0
"586",0,1,0,0,0
"587",1,1,0,0,0
"588",1,0,1,1,NA
"589",0,0,0,0,0
"590",1,0,0,1,0
"591",0,1,0,0,0
"592",0,0,0,0,0
"593",1,0,0,0,0
"594",0,0,0,0,0
"595",1,0,0,0,NA
"596",1,1,0,0,0
"597",0,1,0,0,0
"598",0,0,0,0,0
"599",0,1,1,0,0
"600",0,0,0,0,0
"601",1,0,0,0,NA
"602",1,0,0,0,0
"603",0,1,0,0,0
"604",0,1,0,0,0
"605",0,0,0,0,0
"606",1,1,0,0,NA
"607",1,0,1,0,NA
"608",0,1,0,0,0
"609",1,0,0,0,0
"610",0,0,0,0,0
"611",1,0,0,0,NA
"612",1,1,0,0,0
"613",1,0,0,0,0
"614",0,1,0,0,0
"615",0,0,0,0,0
"616",0,1,1,0,0
"617",1,0,1,0,0
"618",0,1,0,0,0
"619",0,0,1,0,NA
"620",0,0,0,0,0
"621",0,0,0,0,NA
"622",0,0,0,0,0
"623",0,0,0,0,0
"624",1,0,0,0,0
"625",1,1,0,0,NA
"626",0,0,0,0,0
"627",0,0,0,0,0
"628",0,0,0,0,NA
"629",0,1,0,0,0
"630",1,0,0,0,0
"631",1,0,0,0,0
"632",1,1,0,0,0
"633",0,0,0,0,0
"634",0,0,0,0,NA
"635",0,1,0,0,0
"636",0,0,0,0,0
"637",1,0,1,0,NA
"638",0,0,0,0,0
"639",0,0,0,0,0
"640",0,0,0,0,NA
"641",0,1,0,1,0
"642",0,0,0,0,0
"643",0,1,0,0,0
"644",0,0,0,0,NA
"645",0,1,0,0,0
"646",0,0,0,0,0
"647",1,0,0,0,0
"648",1,0,1,0,0
"649",1,0,0,0,0
"650",1,0,0,0,0
"651",1,0,0,0,0
"652",0,0,0,0,0
"653",1,0,0,1,0
"654",0,1,0,0,0
"655",0,0,0,0,0
"656",0,0,0,0,0
"657",0,0,0,0,NA
"658",1,0,0,0,0
"659",0,0,0,0,NA
"660",1,0,0,0,NA
"661",0,0,0,1,0
"662",0,0,0,1,0
"663",0,0,0,0,0
"664",1,1,0,0,0
"665",0,0,0,0,0
"666",1,0,0,0,0
"667",0,0,0,0,0
"668",1,0,0,NA,NA
"669",0,0,0,0,0
"670",0,1,0,1,0
"671",0,1,0,0,0
"672",1,0,0,0,0
"673",0,0,0,0,0
"674",0,0,0,0,NA
"675",NA,NA,NA,NA,NA
"676",0,0,0,0,0
"677",0,0,0,0,0
"678",1,0,0,1,0
"679",1,0,0,0,0
"680",1,1,0,0,0
"681",0,0,0,0,0
"682",0,0,0,1,0
"683",0,1,0,0,0
"684",0,0,0,0,0
"685",0,0,0,0,0
"686",0,0,0,0,0
"687",1,0,0,0,0
"688",0,1,0,1,0
"689",1,1,0,0,0
"690",1,0,0,0,0
"691",1,0,0,0,0
"692",0,0,0,0,0
"693",0,0,0,0,0
"694",1,1,0,0,0
"695",1,1,0,0,NA
"696",1,1,0,0,0
"697",0,0,0,0,0
"698",0,0,0,0,0
"699",0,1,0,0,0
"700",0,1,0,0,0
"701",1,0,0,1,0
"702",0,0,0,0,0
"703",1,0,0,0,0
"704",1,0,0,0,0
"705",0,1,0,0,0
"706",1,0,0,0,0
"707",0,0,0,0,0
"708",1,0,0,0,0
"709",1,0,0,0,0
"710",0,1,0,0,0
"711",1,0,0,0,0
"712",0,0,0,0,0
"713",1,0,0,0,0
"714",0,0,0,0,0
"715",0,0,0,0,0
"716",0,0,0,1,NA
"717",1,0,0,0,0
"718",0,0,0,1,0
"719",0,0,0,0,0
"720",1,1,0,NA,NA
"721",0,0,0,0,0
"722",1,0,0,0,0
"723",0,0,0,0,0
"724",0,0,0,0,0
"725",1,1,0,0,0
"726",0,0,0,0,0
"727",0,0,0,0,NA
"728",0,1,0,0,1
"729",1,0,0,0,0
"730",0,1,0,0,NA
"731",0,0,0,0,0
"732",0,0,0,0,0
"733",1,0,0,0,0
"734",0,0,0,0,0
"735",0,0,0,0,NA
"736",1,0,0,0,0
"737",1,0,0,0,0
"738",1,0,0,0,0
"739",0,0,0,0,0
"740",0,0,0,0,0
"741",1,0,0,0,0
"742",1,0,0,0,0
"743",0,0,0,0,0
"744",1,0,1,NA,NA
"745",0,1,0,0,0
"746",1,0,0,0,0
"747",1,1,0,0,0
"748",0,0,0,0,0
"749",0,1,0,1,0
"750",0,0,0,0,0
"751",1,1,0,NA,NA
"752",0,0,0,0,0
"753",1,1,0,0,0
"754",1,0,0,0,0
"755",0,0,0,0,0
"756",1,1,1,0,0
"757",0,0,0,1,0
"758",1,0,0,0,0
"759",0,0,0,0,0
"760",0,0,0,0,NA
"761",0,1,0,0,0
"762",1,0,0,0,0
"763",0,0,0,NA,NA
"764",1,1,0,0,0
"765",0,0,0,0,NA
"766",1,0,0,0,0
"767",0,0,0,0,0
"768",0,0,0,0,0
"769",0,0,0,1,0
"770",0,1,0,0,0
"771",0,0,0,0,0
"772",1,0,0,0,NA
"773",1,0,1,0,NA
"774",1,0,0,0,0
"775",0,0,0,0,0
"776",0,0,0,0,0
"777",1,0,0,0,1
"778",0,0,0,0,0
"779",0,0,0,0,0
"780",1,1,0,0,0
"781",1,1,0,1,NA
"782",1,0,0,0,0
"783",1,0,0,1,NA
"784",1,0,0,0,0
"785",0,1,0,0,0
"786",0,0,0,0,0
"787",1,1,0,0,0
"788",1,1,0,0,NA
"789",1,1,0,0,0
"790",0,0,0,0,0
"791",1,1,0,0,0
"792",0,1,0,0,0
"793",0,1,0,1,0
"794",0,0,0,0,0
"795",0,0,0,0,0
"796",0,0,0,1,0
"797",1,1,0,0,0
"798",1,0,0,0,0
"799",1,1,0,0,0
"800",1,1,0,0,NA
"801",0,1,0,1,0
"802",0,0,0,0,NA
"803",0,0,0,0,0
"804",0,0,0,1,0
"805",1,0,0,0,0
"806",0,0,0,0,0
"807",0,0,0,0,NA
"808",0,0,1,0,0
"809",0,0,0,1,0
"810",0,0,0,0,0
"811",1,1,0,0,NA
"812",0,0,0,0,0
"813",0,0,0,0,0
"814",0,0,0,0,0
"815",1,0,0,0,0
"816",0,1,0,0,0
"817",1,0,0,0,0
"818",1,0,0,0,NA
"819",0,1,0,0,NA
"820",1,0,0,0,NA
"821",1,1,0,0,0
"822",0,1,0,0,0
"823",0,1,0,0,0
"824",0,0,1,0,0
"825",1,0,0,0,0
"826",0,0,0,0,0
"827",0,0,0,0,0
"828",0,0,0,0,0
"829",0,0,0,0,0
"830",1,0,0,0,0
"831",0,0,0,0,NA
"832",0,1,0,NA,NA
"833",0,1,1,0,0
"834",0,0,0,0,NA
"835",0,0,0,1,0
"836",1,0,0,0,0
"837",1,0,0,0,0
"838",1,0,0,0,1
"839",1,1,1,0,0
"840",1,0,0,0,0
"841",1,0,0,0,0
"842",0,0,0,0,0
"843",1,0,0,0,0
"844",1,0,0,0,0
"845",1,0,0,0,0
"846",0,1,0,NA,NA
"847",1,0,0,0,NA
"848",1,1,0,0,0
"849",0,0,0,0,0
"850",1,0,0,0,0
"851",0,0,0,0,0
"852",1,0,0,0,0
"853",0,0,0,0,0
"854",1,0,0,0,0
"855",0,0,0,0,0
"856",1,0,0,0,0
"857",0,0,0,0,0
"858",1,0,0,1,0
"859",0,0,0,0,0
"860",0,0,0,0,0
"861",1,0,0,0,0
"862",1,1,0,0,0
"863",1,0,0,0,0
"864",0,0,0,0,0
"865",1,NA,NA,NA,NA
"866",0,1,0,0,0
"867",1,0,0,0,0
"868",1,0,0,0,0
"869",0,1,0,0,0
"870",1,1,0,0,0
"871",1,1,0,0,0
"872",0,0,0,0,0
"873",1,0,0,0,1
"874",1,1,0,0,0
"875",1,0,0,0,0
"876",0,0,0,0,0
"877",1,0,0,0,0
"878",1,1,0,0,0
"879",0,0,0,0,0
"880",0,1,0,0,0
"881",0,0,0,0,0
"882",0,0,0,0,0
"883",0,0,0,0,0
"884",0,1,0,0,0
"885",1,1,0,0,0
"886",1,0,0,0,0
"887",0,0,0,NA,NA
"888",1,1,1,0,0
"889",0,1,0,0,0
"890",0,0,0,0,0
"891",0,0,0,0,0
"892",0,1,0,0,0
"893",0,0,0,0,0
"894",0,1,0,0,0
"895",0,1,0,0,0
"896",0,0,0,0,0
"897",0,1,0,0,NA
"898",1,0,0,0,0
"899",1,1,0,0,0
"900",0,0,1,0,0
"901",1,1,0,1,1
"902",0,1,0,0,0
"903",0,1,0,0,0
"904",0,1,0,0,NA
"905",0,0,0,0,0
"906",0,0,0,0,0
"907",1,0,0,1,NA
"908",1,0,0,0,0
"909",0,0,0,0,0
"910",0,1,0,0,0
"911",1,0,0,0,0
"912",1,0,0,0,0
"913",1,1,0,0,0
"914",0,0,0,0,0
"915",1,1,0,0,0
"916",0,1,0,0,NA
"917",1,0,0,0,0
"918",0,0,0,0,0
"919",0,1,0,0,0
"920",1,1,0,0,0
"921",1,0,0,0,0
"922",1,0,0,0,0
"923",0,0,0,0,0
"924",1,0,0,0,0
"925",0,1,0,0,NA
"926",1,0,0,0,NA
"927",0,1,0,0,NA
"928",0,0,0,0,0
"929",0,0,0,0,0
"930",1,1,0,0,0
"931",1,0,0,0,NA
"932",1,0,0,0,NA
"933",0,0,0,0,0
"934",0,0,0,0,0
"935",1,1,0,NA,NA
"936",0,0,0,0,0
"937",0,0,0,0,0
"938",1,1,0,0,0
"939",0,0,0,0,NA
"940",0,0,0,0,NA
"941",1,0,0,0,0
"942",0,0,0,0,0
"943",1,1,0,0,NA
"944",0,0,0,0,0
"945",0,0,0,0,0
"946",0,1,0,1,0
"947",1,1,1,0,0
"948",0,0,0,0,0
"949",0,1,0,0,0
"950",1,0,0,0,0
"951",0,1,0,0,0
"952",0,0,0,0,NA
"953",1,1,0,0,0
"954",0,0,0,0,0
"955",1,1,0,0,0
"956",1,0,0,1,0
"957",0,0,0,0,NA
"958",0,0,0,1,0
"959",1,0,0,0,0
"960",0,1,0,0,0
"961",0,0,0,1,0
"962",1,1,0,0,NA
"963",0,0,0,0,0
"964",1,0,0,0,NA
"965",0,1,0,0,0
"966",1,0,0,0,NA
"967",1,1,0,0,NA
"968",1,0,0,0,0
"969",0,1,0,0,0
"970",1,0,0,0,0
"971",1,1,0,0,0
"972",0,1,0,0,0
"973",1,0,0,0,0
"974",1,0,0,0,0
"975",1,0,0,0,NA
"976",0,1,0,0,0
"977",1,0,0,0,0
"978",0,0,0,0,0
"979",1,1,0,0,0
"980",1,0,0,0,NA
"981",0,1,0,0,0
"982",0,0,1,0,0
"983",0,0,1,NA,NA
"984",0,1,0,0,0
"985",0,0,0,0,0
"986",1,0,0,0,0
"987",0,0,0,0,0
"988",1,0,0,0,NA
"989",0,0,0,0,0
"990",0,1,0,0,0
"991",1,1,0,0,NA
"992",1,0,0,0,0
"993",0,0,0,0,0
"994",0,1,0,0,0
"995",0,0,0,0,0
"996",0,0,0,0,0
"997",0,1,0,0,0
"998",0,1,0,0,0
"999",0,0,0,0,0
"1000",1,0,0,0,0
"1001",0,0,0,0,0
"1002",1,0,0,0,0
"1003",1,0,0,0,NA
"1004",1,1,0,0,0
"1005",1,0,0,0,0
"1006",1,0,0,0,0
"1007",0,0,0,1,NA
"1008",0,1,0,0,0
"1009",1,1,0,0,0
"1010",1,0,0,0,0
"1011",0,1,0,0,0
"1012",0,0,0,0,0
"1013",1,0,1,0,0
"1014",0,1,0,0,0
"1015",0,1,0,0,NA
"1016",0,1,0,0,0
"1017",0,0,0,0,NA
"1018",0,0,1,0,0
"1019",0,0,0,0,0
"1020",0,0,0,0,0
"1021",1,0,0,0,0
"1022",1,0,0,0,0
"1023",1,1,0,0,0
"1024",1,1,0,0,0
"1025",0,0,0,NA,NA
"1026",1,1,0,1,0
"1027",1,1,0,0,NA
"1028",0,0,0,0,0
"1029",0,1,1,0,NA
"1030",0,0,0,0,0
"1031",0,0,0,0,0
"1032",0,1,0,0,0
"1033",0,0,0,0,NA
"1034",1,0,0,0,0
"1035",0,0,0,0,0
"1036",1,0,0,0,0
"1037",0,0,0,0,0
"1038",1,1,0,0,0
"1039",1,1,0,0,0
"1040",0,1,0,0,NA
"1041",1,0,0,0,0
"1042",0,0,0,0,0
"1043",0,1,1,0,0
"1044",1,1,0,1,0
"1045",1,1,0,0,0
"1046",0,0,0,0,NA
"1047",1,1,0,0,0
"1048",0,1,0,0,0
"1049",1,0,0,1,0
"1050",0,0,0,0,0
"1051",1,0,0,0,0
"1052",1,1,0,0,NA
"1053",0,0,0,0,0
"1054",0,1,0,0,NA
"1055",0,0,0,0,0
"1056",0,0,0,0,0
"1057",0,0,0,0,0
"1058",0,0,0,0,0
"1059",0,1,0,0,NA
"1060",0,0,0,0,0
"1061",1,0,1,0,0
"1062",0,1,0,1,0
"1063",0,1,0,0,0
"1064",0,0,0,0,0
"1065",1,1,1,0,NA
"1066",0,0,0,0,0
"1067",0,0,0,1,0
"1068",0,0,0,0,0
"1069",1,0,0,0,0
"1070",0,0,0,0,0
"1071",0,0,0,0,0
"1072",1,1,0,0,0
"1073",0,1,0,1,0
"1074",1,0,0,0,0
"1075",0,1,1,0,0
"1076",0,1,0,0,0
"1077",1,0,0,0,0
"1078",1,1,0,0,0
"1079",1,1,1,0,0
"1080",1,0,0,0,NA
"1081",0,1,0,0,0
"1082",0,0,0,0,0
"1083",1,0,0,0,0
"1084",1,1,0,0,NA
"1085",0,0,0,0,0
"1086",0,0,0,0,0
"1087",0,0,0,0,0
"1088",0,0,0,0,0
"1089",1,0,0,0,0
"1090",0,1,1,0,0
"1091",0,0,0,1,0
"1092",0,1,0,0,0
"1093",0,1,0,0,0
"1094",1,0,1,NA,NA
"1095",0,0,0,0,0
"1096",1,0,0,0,0
"1097",0,0,0,1,0
"1098",1,0,0,0,0
"1099",0,1,0,0,0
"1100",1,0,0,0,0
"1101",1,0,0,1,0
"1102",0,0,0,NA,NA
"1103",1,0,0,0,0
"1104",0,0,0,NA,NA
"1105",0,0,0,0,0
"1106",1,0,0,0,NA
"1107",0,0,0,0,0
"1108",1,0,0,1,NA
"1109",1,0,0,0,0
"1110",1,0,0,1,0
"1111",0,0,0,0,0
"1112",0,0,0,0,0
"1113",1,0,0,0,0
"1114",1,1,0,0,0
"1115",0,0,0,0,0
"1116",0,0,0,0,0
"1117",0,1,1,0,NA
"1118",1,1,0,0,0
"1119",1,0,1,0,0
"1120",0,0,0,1,NA
"1121",1,0,0,0,NA
"1122",0,0,0,0,0
"1123",1,0,0,0,0
"1124",0,1,0,0,0
"1125",1,0,0,0,NA
"1126",0,1,0,0,0
"1127",0,1,0,0,0
"1128",0,1,0,0,0
"1129",0,0,0,0,0
"1130",0,1,0,0,0
"1131",0,0,0,0,0
"1132",1,1,0,0,0
"1133",0,0,0,NA,NA
"1134",0,0,0,0,0
"1135",1,0,0,0,0
"1136",0,0,0,0,0
"1137",0,1,0,0,0
"1138",1,1,0,0,0
"1139",0,0,0,1,0
"1140",0,0,0,1,0
"1141",0,0,0,1,0
"1142",1,0,0,0,0
"1143",1,1,0,0,0
"1144",0,1,0,0,0
"1145",0,1,0,0,0
"1146",0,0,0,0,0
"1147",1,0,0,0,0
"1148",0,0,0,0,0
"1149",1,1,0,0,0
"1150",1,0,0,0,0
"1151",1,0,0,0,0
"1152",1,0,0,0,0
"1153",1,0,0,0,0
"1154",0,0,0,0,NA
"1155",1,0,0,0,0
"1156",1,1,0,0,0
"1157",1,0,0,0,0
"1158",0,1,0,0,0
"1159",0,0,0,0,NA
"1160",1,0,0,0,0
"1161",0,1,0,0,0
"1162",0,1,0,0,0
"1163",1,0,0,0,0
"1164",0,1,0,0,0
"1165",0,0,0,0,NA
"1166",0,0,1,0,0
"1167",0,0,1,0,0
"1168",1,1,0,0,0
"1169",1,0,0,0,0
"1170",1,0,0,0,0
"1171",1,1,0,0,0
"1172",1,1,0,0,0
"1173",1,0,0,0,NA
"1174",0,0,0,0,0
"1175",0,0,1,0,0
"1176",0,1,0,0,0
"1177",0,1,1,0,0
"1178",1,1,0,0,0
"1179",0,0,0,0,0
"1180",0,0,0,0,0
"1181",1,1,0,1,0
"1182",1,0,0,0,0
"1183",1,1,0,1,0
"1184",1,0,0,0,NA
"1185",1,0,0,0,0
"1186",0,1,0,0,0
"1187",0,0,0,0,0
"1188",0,0,0,0,0
"1189",0,1,0,0,0
"1190",1,1,0,0,0
"1191",0,0,0,0,1
"1192",1,0,0,0,0
"1193",0,1,0,0,0
"1194",0,1,0,0,0
"1195",1,0,0,NA,NA
"1196",1,1,0,0,NA
"1197",0,0,0,0,1
"1198",0,1,0,1,0
"1199",1,1,0,0,NA
"1200",0,0,0,0,0
"1201",0,0,0,0,0
"1202",1,1,0,0,0
"1203",1,0,0,0,0
"1204",0,1,0,0,0
"1205",0,0,0,0,0
"1206",1,1,0,0,NA
"1207",0,0,0,0,0
"1208",0,1,0,0,0
"1209",1,1,0,0,0
"1210",1,0,0,0,0
"1211",1,1,0,0,0
"1212",1,0,0,0,0
"1213",1,0,0,0,0
"1214",0,0,0,0,0
"1215",0,1,0,0,0
"1216",0,0,0,0,0
"1217",0,0,0,0,0
"1218",1,0,0,1,0
"1219",0,0,0,0,0
"1220",1,0,0,0,0
"1221",0,0,0,0,0
"1222",1,0,0,1,NA
"1223",0,1,0,0,0
"1224",1,0,0,0,0
"1225",0,0,0,0,0
"1226",1,0,0,0,0
"1227",1,1,0,0,0
"1228",0,0,0,0,0
"1229",1,1,0,0,NA
"1230",0,0,0,0,0
"1231",0,0,0,0,0
"1232",1,0,0,0,0
"1233",0,0,0,0,0
"1234",1,1,1,0,0
"1235",1,1,1,0,0
"1236",1,0,0,0,0
"1237",1,0,0,0,0
"1238",0,0,0,0,0
"1239",1,1,0,0,0
"1240",0,1,0,0,0
"1241",0,0,0,0,0
"1242",0,0,0,0,NA
"1243",1,0,0,0,NA
"1244",1,1,0,0,0
"1245",0,0,0,0,NA
"1246",0,1,0,0,0
"1247",0,1,0,0,0
"1248",0,0,0,0,0
"1249",0,1,0,0,0
"1250",0,0,0,0,0
"1251",1,0,0,0,0
"1252",0,1,0,0,0
"1253",1,1,0,0,0
"1254",0,0,0,0,0
"1255",1,0,0,0,NA
"1256",1,0,0,0,0
"1257",0,0,0,0,NA
"1258",0,0,1,0,0
"1259",0,0,0,0,NA
"1260",0,0,0,0,0
"1261",0,1,0,0,0
"1262",1,0,0,0,0
"1263",1,0,0,0,0
"1264",0,0,0,0,0
"1265",1,0,0,0,0
"1266",1,0,0,0,0
"1267",0,0,0,0,0
"1268",1,0,0,0,NA
"1269",0,1,0,0,0
"1270",0,1,0,0,0
"1271",1,1,0,0,0
"1272",1,NA,NA,NA,NA
"1273",0,0,0,0,0
"1274",1,1,0,1,0
"1275",0,0,1,0,0
"1276",1,0,0,0,0
"1277",0,0,0,0,0
"1278",0,0,0,0,0
"1279",0,0,0,0,0
"1280",1,1,0,0,0
"1281",1,1,0,1,0
"1282",0,1,0,0,0
"1283",1,0,0,0,NA
"1284",1,0,0,0,0
"1285",1,0,0,0,0
"1286",1,1,0,0,0
"1287",0,1,0,0,NA
"1288",0,1,0,NA,NA
"1289",0,1,0,0,0
"1290",0,0,0,0,0
"1291",1,0,0,0,1
"1292",0,1,0,0,0
"1293",1,0,0,0,0
"1294",1,0,0,0,0
"1295",1,0,0,0,0
"1296",0,1,1,0,NA
"1297",1,0,0,0,0
"1298",0,1,0,0,NA
"1299",1,0,0,0,0
"1300",0,0,0,0,0
"1301",0,0,0,0,0
"1302",1,1,0,0,0
"1303",0,0,0,0,0
"1304",0,1,0,0,0
"1305",0,1,0,0,0
"1306",0,0,0,0,0
"1307",1,0,0,0,0
"1308",0,1,0,NA,NA
"1309",0,0,0,0,0
"1310",0,0,0,0,0
"1311",1,0,0,0,0
"1312",1,0,0,0,0
"1313",1,1,0,0,NA
"1314",1,0,0,0,NA
"1315",0,0,0,0,NA
"1316",0,0,0,0,0
"1317",1,0,1,0,0
"1318",0,0,0,0,0
"1319",0,0,0,0,0
"1320",1,0,0,0,0
"1321",0,0,0,0,0
"1322",1,1,0,0,0
"1323",1,0,0,0,0
"1324",0,0,0,0,0
"1325",1,0,0,1,0
"1326",1,0,0,0,0
"1327",0,1,0,0,NA
"1328",1,1,0,0,0
"1329",1,0,0,0,NA
"1330",1,1,0,0,0
"1331",1,1,0,0,0
"1332",0,0,1,0,0
"1333",0,0,0,0,NA
"1334",0,1,0,0,0
"1335",0,1,0,0,NA
"1336",0,0,0,0,0
"1337",0,0,0,0,0
"1338",1,0,0,0,0
"1339",1,1,0,0,0
"1340",0,1,0,0,0
"1341",0,0,0,1,0
"1342",0,0,0,0,NA
"1343",0,1,0,0,0
"1344",0,1,0,NA,NA
"1345",1,0,0,0,0
"1346",1,0,0,0,0
"1347",1,1,0,0,0
"1348",1,1,0,0,0
"1349",0,0,0,0,0
"1350",0,0,0,0,NA
"1351",0,1,0,0,NA
"1352",1,0,0,0,0
"1353",1,0,0,0,0
"1354",0,0,0,0,NA
"1355",1,1,0,1,0
"1356",0,0,0,0,0
"1357",0,0,0,0,NA
"1358",1,1,0,0,0
"1359",0,1,0,0,NA
"1360",0,0,0,0,0
"1361",1,0,0,1,0
"1362",0,1,0,0,0
"1363",0,0,0,1,0
"1364",0,0,1,0,0
"1365",0,0,0,0,0
"1366",1,1,1,0,0
"1367",0,1,0,0,0
"1368",1,0,0,0,0
"1369",0,0,0,0,0
"1370",0,0,0,NA,NA
"1371",1,1,0,0,0
"1372",0,0,0,0,0
"1373",0,1,1,0,0
"1374",0,0,0,0,0
"1375",1,1,1,0,0
"1376",0,1,0,0,NA
"1377",0,0,1,0,0
"1378",0,0,0,0,0
"1379",1,0,0,0,0
"1380",1,1,0,0,0
"1381",0,0,0,0,0
"1382",0,0,0,0,0
"1383",0,0,0,0,0
"1384",1,1,0,0,0
"1385",0,0,0,0,0
"1386",0,0,0,0,0
"1387",0,0,1,0,0
"1388",0,0,0,0,0
"1389",1,0,0,0,0
"1390",0,0,0,0,0
"1391",0,1,0,0,1
"1392",1,1,0,0,0
"1393",0,0,0,0,0
"1394",0,0,0,0,0
"1395",1,0,0,0,0
"1396",1,0,0,0,0
"1397",0,1,0,0,0
"1398",0,0,0,0,0
"1399",0,0,0,0,0
"1400",0,0,0,0,0
"1401",1,0,0,0,NA
"1402",0,0,0,0,0
"1403",1,0,0,0,0
"1404",0,0,0,0,0
"1405",0,1,0,0,0
"1406",1,0,0,0,0
"1407",1,1,0,0,0
"1408",0,0,0,0,0
"1409",0,0,0,0,0
"1410",0,0,0,1,0
"1411",0,0,0,0,NA
"1412",0,1,1,0,0
"1413",1,0,0,0,NA
"1414",1,0,0,0,NA
"1415",0,0,0,1,0
"1416",0,0,0,0,0
"1417",0,1,0,0,0
"1418",1,0,0,0,0
"1419",0,0,0,0,0
"1420",1,0,0,0,0
"1421",0,1,0,0,NA
"1422",0,0,1,1,0
"1423",0,0,0,0,0
"1424",1,1,0,0,0
"1425",0,0,0,0,0
"1426",0,1,0,0,0
"1427",0,0,1,0,0
"1428",0,0,0,0,0
"1429",1,0,0,0,0
"1430",1,1,1,0,0
"1431",1,0,0,1,0
"1432",0,0,0,0,0
"1433",0,0,0,0,0
"1434",1,1,0,1,0
"1435",1,0,0,0,0
"1436",0,0,0,0,0
"1437",0,1,0,0,0
"1438",1,0,0,0,0
"1439",1,0,0,0,0
"1440",0,0,0,0,NA
"1441",0,1,0,1,0
"1442",1,0,0,0,NA
"1443",1,0,0,0,0
"1444",0,1,0,0,0
"1445",0,1,0,0,0
"1446",1,0,0,0,0
"1447",1,0,0,0,NA
"1448",0,0,0,0,0
"1449",0,0,0,0,0
"1450",0,0,1,0,0
"1451",1,0,0,0,0
"1452",1,0,0,0,NA
"1453",0,1,0,0,0
"1454",1,1,0,0,0
"1455",0,0,0,0,0
"1456",0,0,0,0,0
"1457",0,0,0,0,0
"1458",0,0,0,0,0
"1459",0,0,0,0,0
"1460",1,0,0,0,0
"1461",0,1,0,0,0
"1462",1,0,0,0,0
"1463",0,0,0,0,0
"1464",0,0,0,0,0
"1465",0,1,1,0,NA
"1466",1,0,0,0,0
"1467",0,0,0,0,0
"1468",1,1,0,0,0
"1469",0,0,0,0,0
"1470",1,0,0,0,0
"1471",0,0,0,0,0
"1472",0,0,0,0,0
"1473",0,0,1,0,0
"1474",1,0,0,0,0
"1475",0,1,0,0,0
"1476",0,1,0,0,0
"1477",1,0,1,0,0
"1478",0,0,0,0,0
"1479",0,0,0,NA,NA
"1480",0,0,1,0,NA
"1481",1,0,0,0,0
"1482",1,0,0,0,0
"1483",0,0,0,0,0
"1484",0,0,0,0,0
"1485",0,0,0,0,0
"1486",0,0,0,0,0
"1487",0,1,0,0,0
"1488",0,0,0,1,0
"1489",1,1,0,0,0
"1490",0,0,0,0,NA
"1491",1,0,0,0,0
"1492",1,0,0,0,0
"1493",1,1,0,0,0
"1494",0,1,0,0,0
"1495",1,1,1,0,0
"1496",1,0,0,0,0
"1497",0,0,0,0,0
"1498",0,0,0,0,NA
"1499",0,0,0,0,0
"1500",1,1,0,0,0
"1501",0,1,0,0,0
"1502",1,0,0,0,0
"1503",1,1,0,0,0
"1504",0,1,0,1,0
"1505",1,1,0,NA,NA
"1506",1,1,0,0,0
"1507",1,0,0,0,0
"1508",0,0,0,NA,NA
"1509",0,0,0,0,0
"1510",0,1,0,0,NA
"1511",1,0,0,0,0
"1512",1,0,1,0,0
"1513",0,0,0,1,0
"1514",1,1,0,0,0
"1515",0,0,0,0,NA
"1516",0,1,1,0,NA
"1517",0,0,1,0,0
"1518",1,0,0,0,0
"1519",0,0,1,0,0
"1520",0,0,0,0,0
"1521",1,0,0,0,0
"1522",1,0,0,0,NA
"1523",1,0,0,0,0
"1524",1,0,0,0,0
"1525",1,1,0,0,0
"1526",1,0,0,0,0
"1527",0,1,0,0,0
"1528",0,1,0,0,NA
"1529",0,0,1,0,0
"1530",1,0,0,0,0
"1531",0,0,0,0,NA
"1532",1,1,0,0,NA
"1533",1,0,0,0,0
"1534",0,0,0,0,0
"1535",0,1,1,1,0
"1536",1,0,0,0,0
"1537",1,0,0,0,0
"1538",0,0,0,0,0
"1539",1,0,0,0,0
"1540",0,1,0,0,0
"1541",0,0,0,0,0
"1542",0,0,0,0,0
"1543",1,0,0,0,0
"1544",1,1,0,0,0
"1545",0,1,0,0,0
"1546",0,0,0,0,0
"1547",0,1,0,0,0
"1548",1,0,0,0,0
"1549",1,0,0,0,0
"1550",0,1,0,0,0
"1551",1,1,0,0,0
"1552",0,0,0,0,0
"1553",0,0,0,0,0
"1554",1,0,0,1,0
"1555",0,0,0,0,0
"1556",0,0,0,1,0
"1557",0,0,0,0,1
"1558",0,0,0,0,0
"1559",1,0,0,0,0
"1560",1,0,0,1,0
"1561",1,0,0,0,0
"1562",0,1,0,0,0
"1563",0,0,0,0,0
"1564",0,0,0,0,0
"1565",0,0,0,0,0
"1566",1,0,0,0,0
"1567",1,0,0,0,0
"1568",1,1,0,0,0
"1569",1,NA,NA,NA,NA
"1570",0,1,0,0,0
"1571",0,1,0,1,0
"1572",1,0,0,0,NA
"1573",0,0,0,0,0
"1574",1,0,0,0,0
"1575",1,0,0,0,0
"1576",1,0,0,0,0
"1577",1,1,0,0,0
"1578",1,1,0,0,0
"1579",1,1,0,0,0
"1580",1,1,0,NA,NA
"1581",1,0,0,1,0
"1582",0,1,0,0,0
"1583",1,0,0,0,0
"1584",1,1,0,0,0
"1585",1,1,0,0,0
"1586",0,0,0,0,0
"1587",1,1,0,0,0
"1588",0,0,1,0,NA
"1589",1,0,0,0,0
"1590",0,0,0,0,0
"1591",1,0,0,0,0
"1592",0,1,0,0,0
"1593",1,0,0,0,0
"1594",1,0,0,0,0
"1595",0,1,0,0,0
"1596",1,1,0,0,0
"1597",0,1,0,0,0
"1598",0,1,0,0,0
"1599",0,0,0,0,NA
"1600",0,1,0,0,0
"1601",1,0,0,0,NA
"1602",1,1,0,0,0
"1603",0,1,0,0,0
"1604",0,1,0,0,0
"1605",0,1,0,0,0
"1606",0,1,0,0,0
"1607",1,1,0,1,0
"1608",0,0,0,0,0
"1609",0,1,1,1,NA
"1610",1,0,0,0,NA
"1611",0,0,0,0,0
"1612",1,0,0,0,0
"1613",0,1,0,1,0
"1614",1,0,1,0,0
"1615",0,1,0,0,0
"1616",0,0,0,0,NA
"1617",1,1,0,0,0
"1618",1,0,0,0,0
"1619",0,0,0,0,NA
"1620",0,0,0,0,0
"1621",0,0,0,0,0
"1622",0,0,0,0,0
"1623",0,0,0,0,0
"1624",0,0,0,0,0
"1625",0,0,1,0,0
"1626",0,0,0,1,NA
"1627",0,0,0,0,0
"1628",1,1,0,0,0
"1629",0,0,0,0,0
"1630",0,0,0,0,0
"1631",0,0,0,0,0
"1632",0,0,0,0,0
"1633",1,1,0,0,0
"1634",1,0,0,0,0
"1635",0,1,0,0,0
"1636",0,0,0,0,NA
"1637",1,NA,NA,NA,NA
"1638",0,0,0,0,0
"1639",0,0,0,0,0
"1640",1,1,0,0,0
"1641",1,1,1,0,0
"1642",1,0,0,0,0
"1643",1,1,0,0,NA
"1644",1,0,0,0,0
"1645",0,1,0,NA,NA
"1646",1,1,0,0,NA
"1647",1,0,0,0,0
"1648",0,0,0,0,0
"1649",0,1,0,0,0
"1650",1,0,0,0,0
"1651",1,0,0,0,NA
"1652",0,0,0,0,0
"1653",0,0,0,0,0
"1654",1,1,0,0,NA
"1655",1,0,0,0,0
"1656",1,0,0,0,0
"1657",1,1,0,1,0
"1658",1,1,0,0,0
"1659",0,0,0,0,0
"1660",0,0,0,0,0
"1661",0,0,0,0,0
"1662",1,0,0,0,0
"1663",1,0,0,0,0
"1664",0,0,0,0,0
"1665",0,1,0,0,0
"1666",0,1,0,0,0
"1667",1,1,0,0,NA
"1668",0,0,0,0,0
"1669",0,0,0,0,0
"1670",1,1,0,0,0
"1671",1,0,0,1,0
"1672",0,0,0,0,0
"1673",0,0,0,0,0
"1674",0,1,1,0,NA
"1675",0,0,0,0,NA
"1676",0,0,0,0,0
"1677",1,0,0,0,0
"1678",0,1,0,0,0
"1679",0,0,0,0,0
"1680",0,1,0,0,NA
"1681",0,0,0,0,0
"1682",1,0,0,0,0
"1683",0,0,0,0,0
"1684",0,1,0,0,0
"1685",0,0,0,0,0
"1686",0,1,0,0,0
"1687",0,1,0,1,NA
"1688",0,0,0,1,0
"1689",0,1,0,0,NA
"1690",0,0,0,NA,NA
"1691",1,NA,NA,NA,NA
"1692",0,1,0,0,0
"1693",0,0,0,0,0
"1694",0,0,1,0,0
"1695",0,0,0,1,0
"1696",1,0,0,0,0
"1697",1,1,0,0,NA
"1698",0,0,0,0,0
"1699",0,1,0,0,NA
"1700",0,0,0,0,0
"1701",0,1,0,0,0
"1702",1,0,0,0,0
"1703",0,0,0,0,0
"1704",1,0,1,0,0
"1705",1,0,0,NA,NA
"1706",0,1,0,0,0
"1707",0,1,0,0,0
"1708",1,0,0,0,0
"1709",1,0,1,0,NA
"1710",0,0,0,0,0
"1711",0,0,0,0,0
"1712",0,0,0,0,0
"1713",1,0,0,0,0
"1714",1,1,0,0,0
"1715",0,0,1,0,0
"1716",0,1,0,0,0
"1717",1,0,0,0,0
"1718",0,0,0,0,0
"1719",0,0,0,0,0
"1720",1,0,0,0,0
"1721",1,0,0,0,NA
"1722",0,0,0,0,0
"1723",1,1,1,0,0
"1724",0,0,0,0,0
"1725",1,0,0,0,0
"1726",1,0,0,0,NA
"1727",0,0,0,0,0
"1728",1,1,0,0,NA
"1729",1,0,0,0,0
"1730",1,0,0,0,0
"1731",1,0,0,0,NA
"1732",0,0,0,0,0
"1733",1,0,1,0,0
"1734",1,0,0,0,0
"1735",1,0,1,0,0
"1736",1,0,0,0,0
"1737",0,1,0,NA,NA
"1738",1,0,0,0,0
"1739",0,0,0,0,NA
"1740",0,0,0,0,0
"1741",0,0,0,0,0
"1742",0,1,0,1,0
"1743",0,0,0,0,0
"1744",0,0,0,0,0
"1745",0,1,0,0,0
"1746",1,0,0,0,0
"1747",1,0,0,0,0
"1748",0,0,0,0,0
"1749",1,0,0,0,0
"1750",0,0,0,0,0
"1751",0,0,0,0,0
"1752",0,0,0,0,0
"1753",0,1,0,0,0
"1754",0,0,0,0,0
"1755",1,0,0,0,0
"1756",0,0,0,0,NA
"1757",0,0,0,0,0
"1758",0,1,0,0,0
"1759",1,0,0,0,0
"1760",0,1,0,0,0
"1761",0,0,1,NA,NA
"1762",0,0,0,0,0
"1763",0,0,1,0,0
"1764",0,0,0,NA,NA
"1765",1,0,0,0,NA
"1766",0,1,0,NA,NA
"1767",1,1,0,0,0
"1768",0,0,0,NA,NA
"1769",1,1,1,0,0
"1770",0,1,0,1,0
"1771",0,0,0,0,NA
"1772",0,0,0,1,0
"1773",1,0,0,0,0
"1774",0,0,0,0,0
"1775",1,0,0,0,0
"1776",1,0,0,1,NA
"1777",1,1,1,0,0
"1778",1,1,0,0,0
"1779",0,0,0,0,0
"1780",0,0,0,1,0
"1781",0,0,0,0,0
"1782",1,1,0,0,0
"1783",1,0,0,0,0
"1784",0,1,0,0,NA
"1785",0,1,1,0,0
"1786",1,0,0,0,0
"1787",1,0,0,0,0
"1788",0,0,0,0,0
"1789",0,1,0,0,0
"1790",1,0,0,0,0
"1791",0,1,0,0,NA
"1792",0,0,0,1,0
"1793",1,0,0,0,0
"1794",0,1,0,0,0
"1795",1,0,0,0,0
"1796",0,1,0,1,0
"1797",0,0,0,0,0
"1798",0,0,1,0,0
"1799",0,1,0,0,0
"1800",1,0,0,0,0
"1801",0,0,0,0,0
"1802",0,1,1,0,0
"1803",0,0,0,1,0
"1804",0,1,0,0,0
"1805",0,1,0,0,0
"1806",0,0,0,0,0
"1807",0,1,0,0,0
"1808",0,0,0,0,0
"1809",0,0,0,0,0
"1810",0,0,0,0,0
"1811",0,0,0,1,0
"1812",1,0,1,1,NA
"1813",1,0,0,0,0
"1814",0,0,0,0,0
"1815",0,0,0,0,0
"1816",1,0,0,0,0
"1817",1,0,0,0,0
"1818",1,0,0,0,0
"1819",0,0,0,0,0
"1820",1,1,0,0,0
"1821",0,0,0,0,0
"1822",1,0,0,0,NA
"1823",0,0,0,0,0
"1824",1,0,0,0,0
"1825",0,1,0,0,0
"1826",0,0,1,0,0
"1827",0,0,0,0,0
"1828",1,0,0,0,0
"1829",0,0,0,0,0
"1830",1,0,0,0,0
"1831",0,1,0,0,0
"1832",0,1,0,0,0
"1833",0,0,0,0,0
"1834",0,1,0,0,0
"1835",0,0,0,0,NA
"1836",0,1,0,0,0
"1837",0,1,0,0,NA
"1838",0,1,0,0,0
"1839",0,0,0,0,0
"1840",1,1,0,0,0
"1841",0,0,0,0,0
"1842",0,0,0,0,0
"1843",0,0,0,0,0
"1844",1,0,0,0,0
"1845",1,1,0,0,0
"1846",1,1,1,0,0
"1847",0,0,0,0,0
"1848",1,1,0,0,0
"1849",0,0,0,0,0
"1850",0,0,0,0,0
"1851",1,1,0,0,0
"1852",0,0,1,0,NA
"1853",0,0,0,0,0
"1854",0,1,0,0,NA
"1855",0,1,0,0,0
"1856",0,1,0,0,0
"1857",0,0,0,0,0
"1858",1,1,0,0,0
"1859",0,1,0,0,0
"1860",0,1,0,0,NA
"1861",0,0,0,0,0
"1862",1,0,0,0,0
"1863",1,0,0,0,0
"1864",1,0,0,0,0
"1865",0,0,0,0,0
"1866",1,1,0,0,0
"1867",0,1,0,0,0
"1868",0,0,0,1,0
"1869",1,0,0,0,NA
"1870",1,1,0,0,NA
"1871",1,1,0,0,0
"1872",0,0,0,0,0
"1873",0,1,1,0,0
"1874",0,1,0,0,0
"1875",0,0,0,1,0
"1876",1,0,0,0,0
"1877",1,0,0,0,0
"1878",0,1,0,0,0
"1879",1,0,0,0,0
"1880",1,0,0,0,0
"1881",1,0,0,0,0
"1882",1,0,0,0,NA
"1883",1,0,0,0,0
"1884",1,0,0,0,0
"1885",1,0,1,1,0
"1886",0,1,0,0,NA
"1887",0,0,0,0,0
"1888",0,1,0,0,0
"1889",1,1,0,0,0
"1890",0,1,0,0,0
"1891",0,0,0,0,0
"1892",1,1,0,0,0
"1893",0,0,0,0,0
"1894",0,0,0,0,0
"1895",1,1,0,0,0
"1896",1,0,0,0,0
"1897",0,0,0,0,NA
"1898",0,0,1,0,0
"1899",0,0,0,0,0
"1900",1,0,0,0,0
"1901",1,1,0,0,0
"1902",0,0,0,0,NA
"1903",0,1,1,0,0
"1904",0,1,0,0,0
"1905",0,0,0,0,0
"1906",1,0,0,0,NA
"1907",1,0,0,0,0
"1908",1,0,1,0,0
"1909",1,0,0,1,0
"1910",0,0,0,0,NA
"1911",0,1,0,0,0
"1912",1,0,0,0,0
"1913",1,1,0,0,NA
"1914",0,1,0,1,0
"1915",1,0,0,0,0
"1916",1,0,0,0,0
"1917",0,0,0,0,0
"1918",1,0,0,0,0
"1919",0,0,0,0,0
"1920",0,1,0,0,0
"1921",1,0,0,0,0
"1922",0,0,0,0,0
"1923",1,0,0,0,0
"1924",0,0,0,0,0
"1925",0,0,0,1,0
"1926",0,1,0,0,0
"1927",0,1,0,0,0
"1928",1,0,1,0,0
"1929",0,0,0,0,0
"1930",NA,NA,NA,NA,NA
"1931",0,0,0,0,0
"1932",1,NA,NA,NA,NA
"1933",0,0,0,0,0
"1934",0,1,0,0,0
"1935",1,0,1,0,0
"1936",0,1,0,0,0
"1937",0,0,0,0,0
"1938",0,1,0,0,0
"1939",1,1,0,0,0
"1940",0,1,0,0,0
"1941",0,0,0,0,0
"1942",0,1,0,1,NA
"1943",1,0,0,0,0
"1944",0,0,1,0,0
"1945",1,0,0,0,0
"1946",0,1,1,0,0
"1947",0,0,0,0,0
"1948",0,0,0,0,0
"1949",1,0,0,0,0
"1950",0,0,0,0,0
"1951",1,1,0,1,0
"1952",1,0,0,0,0
"1953",0,1,0,0,0
"1954",0,1,0,0,0
"1955",0,0,0,0,0
"1956",1,0,0,0,0
"1957",0,0,0,0,0
"1958",0,1,0,0,0
"1959",0,1,0,1,0
"1960",0,0,0,0,0
"1961",0,0,1,0,0
"1962",0,0,0,0,0
"1963",0,0,0,0,0
"1964",0,1,0,0,NA
"1965",0,1,0,0,0
"1966",1,1,1,0,0
"1967",0,0,0,0,0
"1968",1,0,0,0,0
"1969",1,0,0,0,0
"1970",0,1,0,0,0
"1971",0,0,0,0,0
"1972",1,0,0,0,0
"1973",1,0,0,0,0
"1974",1,0,0,0,0
"1975",0,0,0,0,NA
"1976",1,0,0,0,0
"1977",0,1,0,0,0
"1978",0,0,0,0,0
"1979",0,0,0,0,0
"1980",1,0,0,0,0
"1981",0,0,0,0,0
"1982",0,0,0,1,0
"1983",1,1,0,0,0
"1984",0,1,0,0,0
"1985",1,0,0,0,0
"1986",1,0,0,0,0
"1987",1,0,0,0,0
"1988",0,0,0,0,0
"1989",0,0,0,0,0
"1990",0,1,0,0,0
"1991",0,0,0,0,0
"1992",1,0,0,0,0
"1993",1,NA,NA,NA,NA
"1994",0,1,0,0,0
"1995",1,1,0,0,0
"1996",1,0,0,0,0
"1997",1,0,0,0,0
"1998",0,1,0,0,0
"1999",0,1,0,0,0
"2000",0,0,0,0,0
"2001",1,0,0,0,0
"2002",0,1,0,1,0
"2003",0,0,0,0,0
"2004",0,1,0,0,0
"2005",0,0,0,0,0
"2006",1,0,0,0,NA
"2007",0,1,0,0,0
"2008",0,1,0,0,NA
"2009",1,1,1,0,0
"2010",0,1,1,0,0
"2011",1,0,1,0,0
"2012",0,1,0,0,0
"2013",0,0,0,0,0
"2014",0,1,0,0,0
"2015",1,0,0,0,NA
"2016",0,0,0,0,0
"2017",0,1,0,0,0
"2018",0,1,0,0,0
"2019",0,1,0,0,0
"2020",1,0,0,0,0
"2021",1,1,0,0,0
"2022",0,0,0,0,0
"2023",0,1,0,0,0
"2024",0,0,0,0,0
"2025",1,0,1,0,NA
"2026",1,1,0,0,0
"2027",0,0,0,0,NA
"2028",1,1,0,0,0
"2029",0,1,0,0,0
"2030",0,1,0,0,0
"2031",1,0,0,0,0
"2032",1,0,0,0,0
"2033",1,1,0,0,0
"2034",1,1,1,0,0
"2035",0,0,0,0,0
"2036",1,1,0,0,NA
"2037",0,0,0,0,0
"2038",0,0,0,0,0
"2039",0,0,0,1,0
"2040",1,0,1,0,0
"2041",0,0,0,0,0
"2042",0,1,0,0,0
"2043",1,1,0,0,NA
"2044",0,0,1,0,0
"2045",0,0,0,0,0
"2046",0,0,0,0,0
"2047",0,0,0,0,0
"2048",0,0,0,0,0
"2049",1,1,0,0,0
"2050",1,0,0,0,0
"2051",1,1,0,0,0
"2052",1,0,0,1,0
"2053",0,0,0,1,0
"2054",0,0,0,0,0
"2055",1,0,0,0,0
"2056",1,1,1,1,0
"2057",1,0,0,0,0
"2058",0,0,0,0,0
"2059",1,0,0,0,0
"2060",0,1,0,0,0
"2061",1,0,0,0,0
"2062",0,1,0,0,0
"2063",0,0,1,0,0
"2064",0,0,0,0,0
"2065",1,0,0,NA,NA
"2066",1,1,0,0,NA
"2067",1,0,0,1,0
"2068",0,0,0,0,NA
"2069",0,0,0,0,0
"2070",0,1,0,0,0
"2071",0,0,0,0,0
"2072",0,0,0,0,0
"2073",0,0,1,0,0
"2074",1,1,0,0,0
"2075",1,1,0,0,0
"2076",1,1,0,0,0
"2077",1,0,0,1,0
"2078",1,0,0,0,NA
"2079",0,1,0,0,0
"2080",0,0,0,1,0
"2081",0,1,1,0,0
"2082",1,0,0,0,0
"2083",0,1,0,0,0
"2084",0,0,0,0,0
"2085",0,1,0,0,0
"2086",1,0,0,0,0
"2087",1,0,0,0,NA
"2088",1,1,0,0,0
"2089",0,0,0,0,0
"2090",0,0,0,0,0
"2091",0,0,0,0,0
"2092",1,1,0,0,0
"2093",0,0,0,0,0
"2094",0,1,0,0,0
"2095",0,0,0,0,0
"2096",0,1,0,0,NA
"2097",0,0,0,0,0
"2098",0,0,0,0,0
"2099",1,0,0,0,0
"2100",0,1,0,0,0
"2101",0,1,0,0,0
"2102",0,1,0,0,0
"2103",1,0,0,0,0
"2104",1,0,0,0,NA
"2105",0,0,0,0,0
"2106",1,0,0,0,NA
"2107",1,0,0,0,0
"2108",1,1,0,0,0
"2109",1,0,0,NA,NA
"2110",0,1,0,0,0
"2111",0,0,0,0,0
"2112",0,0,0,0,0
"2113",0,1,0,0,0
"2114",0,0,0,0,0
"2115",1,0,0,0,0
"2116",0,0,0,0,0
"2117",1,0,0,0,0
"2118",0,0,0,0,NA
"2119",0,0,0,0,0
"2120",1,0,0,0,0
"2121",1,0,0,0,0
"2122",1,1,0,0,NA
"2123",1,0,0,0,0
"2124",1,0,1,0,NA
"2125",1,0,0,0,0
"2126",1,1,0,0,NA
"2127",0,0,0,0,NA
"2128",0,0,0,0,0
"2129",0,0,0,0,0
"2130",0,0,0,0,NA
"2131",0,1,0,NA,NA
"2132",1,0,0,0,0
"2133",0,0,0,1,0
"2134",0,0,0,0,0
"2135",1,0,0,0,0
"2136",1,0,0,0,0
"2137",0,1,0,0,0
"2138",1,1,0,0,0
"2139",0,0,0,0,0
"2140",0,0,0,0,0
"2141",0,1,0,0,0
"2142",1,1,1,0,0
"2143",0,0,0,0,0
"2144",1,0,0,0,0
"2145",0,1,0,0,NA
"2146",1,0,0,0,0
"2147",1,0,0,0,0
"2148",0,1,0,0,0
"2149",1,1,0,0,0
"2150",0,0,0,0,0
"2151",1,0,0,0,0
"2152",0,0,0,0,0
"2153",1,0,0,0,0
"2154",0,0,0,0,0
"2155",0,0,0,0,0
"2156",0,1,0,0,0
"2157",1,1,0,0,0
"2158",1,1,0,0,NA
"2159",0,1,0,0,0
"2160",1,0,0,1,0
"2161",0,1,0,1,0
"2162",1,0,0,0,0
"2163",1,1,0,0,0
"2164",1,0,0,0,0
"2165",0,0,0,0,0
"2166",1,0,0,0,0
"2167",0,0,0,0,0
"2168",0,0,0,0,0
"2169",0,1,0,0,0
"2170",1,0,0,0,0
"2171",0,1,0,0,0
"2172",0,1,0,0,0
"2173",1,0,0,0,NA
"2174",1,1,0,1,NA
"2175",0,0,0,0,0
"2176",1,0,0,0,0
"2177",1,0,0,1,0
"2178",1,1,0,0,0
"2179",1,1,0,0,0
"2180",1,NA,NA,NA,NA
"2181",1,0,0,0,NA
"2182",1,1,0,0,0
"2183",0,0,0,0,0
"2184",1,0,0,0,0
"2185",1,0,0,0,0
"2186",1,1,0,0,0
"2187",0,1,0,0,0
"2188",1,0,1,0,0
"2189",1,0,0,0,0
"2190",1,1,0,0,0
"2191",1,0,0,0,0
"2192",0,1,0,0,0
"2193",0,0,0,0,0
"2194",0,1,0,0,NA
"2195",0,1,0,0,0
"2196",0,0,0,0,0
"2197",1,0,1,0,0
"2198",1,1,0,0,0
"2199",1,0,0,0,0
"2200",NA,NA,NA,NA,NA
"2201",0,0,0,0,0
"2202",0,1,0,0,NA
"2203",0,1,0,0,0
"2204",1,0,0,0,0
"2205",1,1,0,0,0
"2206",0,0,0,0,0
"2207",0,0,0,0,NA
"2208",1,0,0,0,0
"2209",0,0,0,0,0
"2210",1,0,0,0,0
"2211",1,1,0,0,0
"2212",0,1,0,0,0
"2213",1,0,1,0,0
"2214",1,0,1,0,0
"2215",0,1,0,0,0
"2216",1,1,0,0,0
"2217",1,1,0,0,0
"2218",0,1,0,0,NA
"2219",0,0,0,0,0
"2220",0,1,1,0,0
"2221",0,0,1,0,0
"2222",1,0,0,0,0
"2223",0,0,0,0,0
"2224",1,0,0,0,0
"2225",1,0,0,0,0
"2226",0,0,0,0,0
"2227",0,0,0,1,0
"2228",1,0,0,0,0
"2229",1,0,0,1,0
"2230",0,0,0,0,NA
"2231",0,1,0,0,NA
"2232",0,1,0,0,0
"2233",1,0,0,0,0
"2234",0,0,0,1,NA
"2235",1,0,0,0,0
"2236",1,0,0,0,0
"2237",0,0,0,0,0
"2238",0,0,0,0,0
"2239",1,1,1,0,0
"2240",1,0,0,0,NA
"2241",0,0,0,0,0
"2242",0,0,0,0,0
"2243",0,1,0,0,0
"2244",0,0,0,0,0
"2245",1,1,0,0,0
"2246",0,1,0,0,NA
"2247",0,0,0,0,0
"2248",1,0,0,0,0
"2249",1,0,0,1,0
"2250",0,0,0,0,0
"2251",0,0,0,0,NA
"2252",0,0,0,0,0
"2253",1,0,0,0,0
"2254",1,1,0,0,0
"2255",1,0,0,0,0
"2256",0,0,0,0,0
"2257",1,1,0,0,NA
"2258",0,0,1,0,0
"2259",1,1,1,0,0
"2260",1,0,0,0,0
"2261",0,0,0,0,0
"2262",1,1,0,0,0
"2263",0,0,0,0,0
"2264",1,1,0,1,NA
"2265",0,0,0,0,NA
"2266",1,0,0,0,0
"2267",1,0,0,0,0
"2268",0,0,0,0,0
"2269",0,0,1,0,0
"2270",1,0,0,0,0
"2271",1,0,0,0,0
"2272",1,0,0,0,0
"2273",0,1,0,0,0
"2274",0,0,0,0,0
"2275",1,0,0,NA,NA
"2276",0,0,0,0,NA
"2277",1,0,0,NA,NA
"2278",0,0,0,0,0
"2279",0,0,0,0,0
"2280",0,0,0,0,NA
"2281",0,1,0,0,0
"2282",0,0,0,1,0
"2283",1,1,0,0,NA
"2284",1,1,0,0,NA
"2285",1,NA,NA,NA,NA
"2286",1,0,0,0,0
"2287",1,0,0,0,0
"2288",1,0,0,0,0
"2289",0,1,0,NA,NA
"2290",0,0,0,0,0
"2291",0,1,0,0,0
"2292",0,0,0,0,0
"2293",0,0,0,0,0
"2294",0,0,0,0,0
"2295",1,1,0,0,0
"2296",0,1,0,0,0
"2297",0,0,0,0,0
"2298",1,1,0,0,0
"2299",1,0,0,0,0
"2300",0,0,0,0,0
"2301",1,0,0,0,0
"2302",1,1,0,0,0
"2303",1,1,0,NA,NA
"2304",0,1,0,1,0
"2305",1,0,0,0,0
"2306",1,0,0,0,0
"2307",0,1,0,0,0
"2308",0,0,0,0,0
"2309",0,0,0,0,0
"2310",0,1,0,0,0
"2311",1,1,0,0,0
"2312",1,1,0,0,0
"2313",1,0,0,0,0
"2314",1,0,0,0,0
"2315",0,0,0,0,0
"2316",0,1,0,0,0
"2317",1,1,0,0,0
"2318",0,0,0,NA,NA
"2319",0,1,0,0,0
"2320",1,0,1,0,0
"2321",0,0,0,0,0
"2322",0,0,0,0,0
"2323",0,1,1,0,0
"2324",0,1,0,0,0
"2325",0,1,0,0,0
"2326",0,0,0,1,0
"2327",1,0,0,0,0
"2328",0,1,0,0,NA
"2329",1,0,0,0,0
"2330",0,1,1,0,0
"2331",0,0,0,0,0
"2332",0,0,0,0,0
"2333",0,0,0,0,0
"2334",1,1,0,0,0
"2335",0,0,0,0,NA
"2336",0,0,0,0,0
"2337",0,0,0,0,NA
"2338",0,0,0,0,0
"2339",0,0,0,0,0
"2340",0,1,0,0,0
"2341",1,0,0,0,0
"2342",1,1,0,0,0
"2343",1,0,0,0,0
"2344",0,0,0,0,NA
"2345",1,1,0,0,0
"2346",0,0,0,0,0
"2347",0,0,0,0,0
"2348",0,1,0,0,0
"2349",0,0,0,0,1
"2350",1,0,0,0,0
"2351",0,0,0,0,0
"2352",1,1,0,0,0
"2353",0,0,0,0,0
"2354",0,1,0,1,0
"2355",1,0,0,0,0
"2356",1,1,0,0,0
"2357",0,1,0,0,0
"2358",0,0,0,0,0
"2359",0,0,0,0,0
"2360",0,1,0,0,0
"2361",0,0,0,0,0
"2362",1,0,0,1,NA
"2363",0,1,0,0,0
"2364",1,1,0,1,0
"2365",0,0,0,0,0
"2366",1,1,0,0,0
"2367",1,1,0,NA,NA
"2368",0,0,0,0,0
"2369",1,1,0,0,0
"2370",0,0,0,0,0
"2371",1,1,0,0,0
"2372",1,0,0,0,1
"2373",0,1,0,0,0
"2374",0,0,0,0,0
"2375",0,0,0,0,0
"2376",0,0,1,0,0
"2377",0,1,0,0,0
"2378",0,0,1,0,0
"2379",1,1,0,0,0
"2380",0,0,0,0,NA
"2381",0,0,0,0,0
"2382",0,1,0,0,NA
"2383",1,0,0,0,0
"2384",1,0,0,0,0
"2385",1,1,0,0,NA
"2386",0,1,0,0,0
"2387",1,0,0,0,0
"2388",1,1,0,0,0
"2389",0,0,0,0,0
"2390",0,1,0,0,0
"2391",1,1,0,NA,NA
"2392",0,0,0,1,NA
"2393",0,0,0,0,0
"2394",0,1,0,0,0
"2395",0,1,1,0,0
"2396",1,0,0,0,0
"2397",0,0,0,0,NA
"2398",0,0,0,0,0
"2399",0,0,0,0,0
"2400",1,0,0,0,0
"2401",1,1,0,0,0
"2402",1,0,0,0,0
"2403",0,0,0,0,0
"2404",0,0,1,0,0
"2405",0,0,0,0,0
"2406",1,0,0,0,0
"2407",1,1,0,0,0
"2408",0,1,0,0,0
"2409",0,1,0,0,0
"2410",0,0,0,0,0
"2411",1,1,0,0,0
"2412",0,0,0,0,0
"2413",1,0,0,0,0
"2414",0,1,0,0,0
"2415",0,0,0,0,NA
"2416",0,0,0,0,0
"2417",1,0,1,0,0
"2418",0,1,0,0,0
"2419",1,1,0,0,0
"2420",1,1,0,0,0
"2421",1,1,0,0,0
"2422",0,0,0,0,0
"2423",0,0,0,1,0
"2424",1,0,0,0,NA
"2425",0,1,0,0,0
"2426",1,0,0,0,0
"2427",1,0,0,0,0
"2428",0,0,0,1,0
"2429",0,0,0,1,0
"2430",1,1,0,0,NA
"2431",0,0,0,0,NA
"2432",1,0,0,0,0
"2433",1,0,0,0,0
"2434",0,0,0,0,NA
"2435",0,1,0,0,0
"2436",0,0,0,0,0
"2437",1,0,0,0,0
"2438",0,0,0,0,0
"2439",1,1,0,0,0
"2440",0,0,0,0,0
"2441",0,0,0,0,0
"2442",1,1,0,0,NA
"2443",1,0,0,0,0
"2444",0,0,0,0,NA
"2445",1,0,0,1,0
"2446",0,0,1,0,0
"2447",1,0,0,1,0
"2448",0,1,0,0,0
"2449",0,1,0,0,0
"2450",1,0,0,0,0
"2451",1,1,0,0,0
"2452",0,0,0,0,0
"2453",0,1,0,0,NA
"2454",0,0,0,1,0
"2455",0,1,0,0,0
"2456",1,0,1,0,0
"2457",1,0,0,0,0
"2458",1,1,0,0,0
"2459",0,0,0,0,0
"2460",1,1,0,0,0
"2461",0,1,0,0,0
"2462",1,1,0,0,0
"2463",0,1,0,0,0
"2464",1,0,0,0,0
"2465",0,0,0,0,NA
"2466",0,1,1,0,0
"2467",0,0,0,0,0
"2468",0,0,0,0,NA
"2469",1,0,0,0,0
"2470",0,0,0,0,0
"2471",0,1,1,0,0
"2472",NA,NA,NA,NA,NA
"2473",0,0,0,0,0
"2474",0,0,0,0,0
"2475",0,0,0,0,0
"2476",0,0,0,0,0
"2477",1,1,0,1,0
"2478",1,0,0,0,0
"2479",0,0,0,0,0
"2480",1,0,0,0,0
"2481",0,0,1,0,0
"2482",1,0,0,0,0
"2483",1,1,0,0,0
"2484",0,1,0,0,0
"2485",0,1,0,0,0
"2486",0,1,0,0,0
"2487",1,0,0,0,0
"2488",1,0,0,0,0
"2489",0,0,0,0,0
"2490",0,1,0,0,0
"2491",0,1,0,0,0
"2492",1,0,0,1,0
"2493",1,0,0,0,0
"2494",0,1,0,0,0
"2495",1,0,0,0,NA
"2496",1,0,0,0,0
"2497",0,0,0,0,0
"2498",0,0,0,0,0
"2499",0,1,0,0,NA
"2500",1,0,0,0,0
"2501",0,0,0,0,0
"2502",1,0,0,0,0
"2503",0,0,0,0,0
"2504",0,0,0,0,NA
"2505",0,0,0,0,0
"2506",0,0,0,0,0
"2507",0,0,0,1,0
"2508",0,0,0,0,0
"2509",0,1,0,0,0
"2510",0,0,0,0,0
"2511",0,1,0,0,0
"2512",0,1,0,0,0
"2513",0,1,0,0,0
"2514",0,0,0,1,0
"2515",1,1,0,0,0
"2516",0,0,0,0,0
"2517",1,0,0,0,0
"2518",1,0,0,0,0
"2519",1,0,0,0,0
"2520",1,0,0,0,0
"2521",0,0,0,0,0
"2522",1,1,1,0,0
"2523",0,1,0,0,NA
"2524",1,0,0,0,0
"2525",0,1,0,NA,NA
"2526",0,0,0,0,0
"2527",0,0,0,0,0
"2528",0,0,0,0,NA
"2529",0,0,0,0,0
"2530",0,0,0,0,0
"2531",1,1,0,0,0
"2532",0,0,1,0,0
"2533",1,0,0,0,0
"2534",0,0,1,0,0
"2535",1,1,0,0,0
"2536",1,0,0,0,0
"2537",0,1,0,0,0
"2538",0,1,0,0,0
"2539",0,1,0,0,0
"2540",0,0,0,0,0
"2541",0,0,0,0,0
"2542",1,0,1,0,0
"2543",1,1,1,0,0
"2544",1,1,0,0,0
"2545",0,1,1,0,0
"2546",1,0,0,0,0
"2547",1,1,0,0,0
"2548",0,0,0,0,0
"2549",0,0,0,0,0
"2550",1,0,0,0,0
"2551",0,1,0,0,0
"2552",0,0,0,0,0
"2553",0,1,1,0,0
"2554",1,0,0,0,NA
"2555",0,0,0,0,0
"2556",0,0,0,0,NA
"2557",0,0,0,0,0
"2558",0,1,1,1,0
"2559",1,0,0,0,0
"2560",0,0,0,0,NA
"2561",0,0,0,0,0
"2562",1,1,0,0,0
"2563",1,1,0,0,0
"2564",0,1,0,0,0
"2565",1,1,0,NA,NA
"2566",0,1,0,0,NA
"2567",0,0,0,0,NA
"2568",1,0,0,0,NA
"2569",1,0,0,0,0
"2570",1,0,0,0,0
"2571",0,0,0,0,0
"2572",1,0,0,0,0
"2573",0,0,0,0,0
"2574",1,0,1,0,0
"2575",0,1,0,0,NA
"2576",1,0,0,0,0
"2577",0,1,0,0,NA
"2578",0,0,0,1,0
"2579",0,0,0,0,0
"2580",0,0,1,0,0
"2581",0,0,0,0,0
"2582",1,0,0,0,0
"2583",1,1,0,1,NA
"2584",0,0,0,0,1
"2585",0,0,0,0,0
"2586",0,0,0,0,NA
"2587",0,1,0,0,0
"2588",0,0,0,0,0
"2589",1,1,1,0,0
"2590",1,1,0,0,0
"2591",1,1,0,0,0
"2592",1,1,0,0,0
"2593",0,0,0,0,0
"2594",1,1,0,0,0
"2595",0,0,0,0,0
"2596",1,0,1,0,0
"2597",0,0,0,0,0
"2598",0,0,0,0,NA
"2599",0,0,0,1,0
"2600",0,0,0,0,0
"2601",0,0,0,0,0
"2602",1,1,0,0,0
"2603",0,0,0,0,0
"2604",1,0,0,0,0
"2605",1,0,0,0,0
"2606",0,0,0,0,0
"2607",0,0,0,0,0
"2608",0,0,0,0,0
"2609",1,0,0,0,0
"2610",0,0,0,0,NA
"2611",0,0,0,0,0
"2612",0,0,0,0,0
"2613",1,0,0,0,0
"2614",1,0,0,0,0
"2615",0,0,0,0,0
"2616",0,0,0,1,NA
"2617",0,1,0,0,0
"2618",0,1,0,0,0
"2619",1,0,0,0,0
"2620",1,1,0,0,NA
"2621",0,0,0,1,NA
"2622",1,1,0,0,NA
"2623",0,1,0,0,0
"2624",1,1,0,0,NA
"2625",0,0,0,0,0
"2626",0,0,1,0,0
"2627",0,1,0,0,0
"2628",0,0,0,0,NA
"2629",0,0,0,0,0
"2630",1,1,0,0,0
"2631",1,0,0,0,0
"2632",0,0,0,0,0
"2633",1,0,0,0,0
"2634",1,0,0,0,NA
"2635",0,0,0,0,0
"2636",1,0,0,0,NA
"2637",0,1,0,1,NA
"2638",0,1,0,0,0
"2639",0,0,0,0,0
"2640",1,0,0,0,0
"2641",0,0,0,0,NA
"2642",1,1,0,0,0
"2643",0,0,0,0,0
"2644",1,1,0,0,0
"2645",1,1,0,0,0
"2646",0,1,0,0,0
"2647",0,0,0,1,0
"2648",0,1,0,0,0
"2649",1,1,0,0,NA
"2650",1,0,0,1,0
"2651",1,1,0,0,0
"2652",0,0,0,0,NA
"2653",1,1,0,0,0
"2654",0,0,0,0,0
"2655",1,0,0,0,0
"2656",1,0,0,1,0
"2657",1,0,0,0,0
"2658",0,0,0,0,0
"2659",0,0,0,0,0
"2660",0,0,1,0,0
"2661",1,0,0,0,0
"2662",0,0,0,0,NA
"2663",0,0,0,0,NA
"2664",0,0,0,0,0
"2665",0,1,0,0,NA
"2666",0,1,0,0,0
"2667",1,0,0,0,0
"2668",0,1,0,0,0
"2669",1,1,0,0,0
"2670",1,0,0,0,0
"2671",1,1,0,0,NA
"2672",1,0,0,0,NA
"2673",0,1,0,0,NA
"2674",1,0,0,0,0
"2675",0,0,0,0,0
"2676",0,0,0,0,0
"2677",0,0,0,0,NA
"2678",0,0,0,0,0
"2679",0,1,0,0,0
"2680",0,1,0,0,0
"2681",1,0,0,0,0
"2682",0,0,0,0,0
"2683",0,1,0,0,0
"2684",1,0,0,0,NA
"2685",0,0,0,0,0
"2686",1,0,0,0,0
"2687",0,0,0,0,0
"2688",1,0,0,0,0
"2689",1,0,0,0,0
"2690",0,0,0,0,0
"2691",1,0,0,0,0
"2692",0,0,0,0,0
"2693",0,0,0,0,0
"2694",1,1,0,0,0
"2695",0,0,0,0,0
"2696",1,1,0,0,0
"2697",1,1,0,1,0
"2698",0,1,0,0,0
"2699",0,0,0,0,0
"2700",1,0,0,0,0
"2701",1,0,1,0,NA
"2702",0,1,0,0,0
"2703",0,0,0,1,0
"2704",1,0,0,0,NA
"2705",0,0,0,0,0
"2706",1,1,0,0,NA
"2707",1,1,0,0,0
"2708",0,0,0,0,0
"2709",1,0,0,0,0
"2710",1,0,0,0,NA
"2711",1,0,0,0,NA
"2712",0,0,0,0,0
"2713",1,1,0,1,0
"2714",0,1,0,0,0
"2715",0,0,0,1,0
"2716",0,0,0,0,0
"2717",0,0,0,0,0
"2718",0,0,0,0,0
"2719",1,0,0,0,0
"2720",1,0,0,0,0
"2721",0,1,0,0,0
"2722",0,0,0,0,0
"2723",1,0,0,0,0
"2724",1,0,0,1,0
"2725",0,0,0,0,0
"2726",1,0,0,0,0
"2727",1,0,0,0,0
"2728",0,1,0,0,0
"2729",0,0,0,0,0
"2730",0,1,0,0,0
"2731",1,0,0,0,0
"2732",0,1,0,0,NA
"2733",0,0,0,0,0
"2734",1,0,0,0,0
"2735",0,0,0,1,0
"2736",0,0,0,0,0
"2737",0,0,0,0,0
"2738",0,1,0,0,NA
"2739",1,0,0,0,0
"2740",1,0,0,0,0
"2741",0,0,1,0,0
"2742",0,0,0,0,0
"2743",0,0,0,0,0
"2744",1,0,0,1,NA
"2745",1,0,0,0,0
"2746",0,1,0,0,0
"2747",0,1,0,0,0
"2748",0,0,0,0,NA
"2749",1,1,0,0,0
"2750",0,1,0,0,0
"2751",0,0,0,0,0
"2752",1,0,0,0,0
"2753",1,1,0,0,0
"2754",1,1,0,0,0
"2755",1,1,0,0,0
"2756",0,0,0,0,0
"2757",0,1,0,0,0
"2758",0,0,0,0,0
"2759",1,0,0,0,0
"2760",1,0,0,0,0
"2761",1,1,0,0,0
"2762",1,1,0,0,0
"2763",1,0,0,1,0
"2764",1,0,0,0,0
"2765",0,0,0,0,0
"2766",1,0,0,1,0
"2767",0,1,0,0,NA
"2768",1,0,0,0,0
"2769",0,1,0,0,0
"2770",1,1,0,0,0
"2771",1,NA,NA,NA,NA
"2772",1,0,0,0,1
"2773",1,0,0,0,0
"2774",0,1,0,0,0
"2775",0,0,0,0,NA
"2776",0,1,0,0,0
"2777",0,0,0,0,0
"2778",0,0,0,0,0
"2779",0,1,0,0,0
"2780",1,1,0,0,0
"2781",0,0,0,0,NA
"2782",1,1,0,0,0
"2783",1,0,0,0,0
"2784",0,0,0,0,0
"2785",0,1,0,0,NA
"2786",0,1,0,0,0
"2787",1,0,1,0,0
"2788",0,0,0,0,0
"2789",1,0,0,0,0
"2790",1,1,0,0,NA
"2791",1,0,0,0,0
"2792",0,0,0,0,0
"2793",1,0,0,0,0
"2794",0,1,0,0,0
"2795",1,0,0,1,NA
"2796",1,0,0,0,0
"2797",1,NA,NA,NA,NA
"2798",0,1,0,0,0
"2799",0,0,0,0,0
"2800",1,0,1,0,NA
"2801",0,0,0,0,0
"2802",0,1,0,0,0
"2803",0,0,0,0,1
"2804",1,0,0,0,0
"2805",1,0,0,0,0
"2806",0,0,0,0,0
"2807",0,1,1,0,0
"2808",1,0,0,0,0
"2809",0,1,0,0,0
"2810",1,0,0,1,0
"2811",1,0,0,0,0
"2812",1,0,1,0,0
"2813",1,0,0,0,0
"2814",0,0,0,0,0
"2815",0,1,0,0,0
"2816",1,0,0,0,0
"2817",0,0,0,0,0
"2818",0,0,0,1,0
"2819",0,0,0,0,0
"2820",0,1,1,0,NA
"2821",1,1,0,0,0
"2822",1,1,0,0,0
"2823",1,0,0,0,0
"2824",1,1,0,0,0
"2825",0,0,0,0,0
"2826",1,0,0,1,0
"2827",0,0,0,0,0
"2828",1,1,0,0,0
"2829",0,1,0,0,0
"2830",0,0,0,0,NA
"2831",1,1,0,0,0
"2832",1,0,0,0,0
"2833",0,1,0,0,0
"2834",1,1,1,0,0
"2835",1,1,0,NA,NA
"2836",1,1,0,1,0
"2837",0,0,0,0,NA
"2838",0,0,0,0,0
"2839",0,0,0,0,0
"2840",0,0,0,0,0
"2841",0,0,0,0,0
"2842",0,0,0,0,0
"2843",1,0,0,0,0
"2844",0,1,0,0,0
"2845",1,0,0,0,0
"2846",0,1,0,0,0
"2847",0,1,0,1,0
"2848",0,1,0,0,0
"2849",1,1,0,0,0
"2850",0,0,0,0,0
"2851",0,1,0,0,NA
"2852",0,0,0,0,0
"2853",0,0,0,0,0
"2854",1,0,0,0,NA
"2855",0,0,0,0,0
"2856",0,0,0,0,0
"2857",0,1,0,0,0
"2858",0,0,1,0,0
"2859",1,0,0,0,0
"2860",1,0,0,0,NA
"2861",0,0,0,0,0
"2862",0,0,0,0,NA
"2863",1,1,0,1,0
"2864",0,0,0,0,NA
"2865",1,0,0,0,0
"2866",1,0,0,NA,NA
"2867",0,0,0,0,0
"2868",0,0,0,0,0
"2869",0,1,0,0,0
"2870",1,0,0,0,0
"2871",1,0,0,0,NA
"2872",1,1,0,0,0
"2873",1,0,0,0,NA
"2874",1,0,0,0,1
"2875",0,1,0,0,0
"2876",1,1,0,0,0
"2877",0,0,0,0,NA
"2878",0,0,0,0,0
"2879",1,0,0,0,0
"2880",0,1,0,1,0
"2881",0,1,0,0,0
"2882",0,0,0,0,0
"2883",0,1,0,0,0
"2884",0,0,1,0,0
"2885",0,0,0,0,0
"2886",1,1,0,0,0
"2887",NA,NA,NA,NA,NA
"2888",0,0,0,NA,NA
"2889",0,0,1,0,0
"2890",0,0,0,0,0
"2891",0,1,0,0,0
"2892",0,1,0,0,0
"2893",0,0,0,0,0
"2894",0,0,1,0,0
"2895",0,1,1,0,0
"2896",0,0,0,0,NA
"2897",0,0,0,0,0
"2898",1,0,0,0,0
"2899",0,1,1,0,0
"2900",0,0,1,0,0
"2901",0,0,0,1,NA
"2902",1,1,0,0,0
"2903",1,0,0,0,0
"2904",0,0,0,0,0
"2905",1,0,0,0,0
"2906",0,0,0,0,0
"2907",1,1,0,0,0
"2908",0,1,0,0,0
"2909",1,0,0,0,0
"2910",0,1,0,0,0
"2911",1,0,0,0,0
"2912",0,1,0,0,0
"2913",1,0,0,0,0
"2914",0,1,0,0,0
"2915",1,0,0,0,0
"2916",0,0,0,0,0
"2917",1,0,0,0,0
"2918",0,0,0,0,0
"2919",0,0,0,0,0
"2920",1,1,0,0,0
"2921",1,0,0,0,0
"2922",0,1,0,0,NA
"2923",1,0,0,0,0
"2924",0,0,1,0,0
"2925",0,0,0,0,0
"2926",1,0,0,0,0
"2927",0,0,0,0,NA
"2928",0,0,0,0,0
"2929",1,0,0,0,0
"2930",0,0,0,0,0
"2931",0,1,0,0,0
"2932",1,0,0,0,0
"2933",0,0,0,0,0
"2934",1,1,0,0,0
"2935",0,0,0,0,0
"2936",0,0,0,0,0
"2937",0,0,0,0,0
"2938",1,0,0,0,0
"2939",0,0,0,0,0
"2940",0,0,0,0,0
"2941",0,0,0,0,NA
"2942",0,0,0,0,0
"2943",1,1,0,0,0
"2944",1,0,0,0,NA
"2945",0,0,0,0,0
"2946",0,1,0,0,0
"2947",1,1,0,0,0
"2948",1,0,0,0,0
"2949",0,0,0,0,0
"2950",0,1,0,0,0
"2951",0,0,0,0,NA
"2952",1,1,1,0,0
"2953",0,0,1,0,0
"2954",1,0,0,0,0
"2955",1,0,0,0,0
"2956",1,0,1,1,0
"2957",0,0,0,0,0
"2958",0,0,0,0,0
"2959",1,1,0,1,0
"2960",0,0,0,0,0
"2961",1,0,0,0,0
"2962",1,0,0,0,0
"2963",0,0,0,0,0
"2964",1,1,0,0,0
"2965",1,0,0,0,0
"2966",0,0,0,0,0
"2967",0,1,0,1,0
"2968",0,0,0,0,0
"2969",0,1,0,0,0
"2970",0,0,0,0,0
"2971",1,0,0,0,0
"2972",0,1,1,0,0
"2973",1,1,0,0,0
"2974",1,0,0,1,0
"2975",1,0,1,0,0
"2976",1,0,0,1,0
"2977",0,0,0,0,0
"2978",1,1,0,0,NA
"2979",1,0,0,0,0
"2980",0,0,0,0,NA
"2981",0,0,0,0,0
"2982",1,1,0,0,0
"2983",1,0,0,0,0
"2984",0,0,0,1,0
"2985",1,0,0,0,0
"2986",0,1,0,1,0
"2987",1,1,0,0,NA
"2988",0,0,0,0,0
"2989",0,0,0,0,NA
"2990",0,0,0,0,0
"2991",0,0,0,0,0
"2992",0,0,0,0,0
"2993",1,0,0,0,0
"2994",1,1,0,0,0
"2995",1,0,0,0,0
"2996",1,1,0,0,0
"2997",0,0,0,0,0
"2998",0,1,0,0,NA
"2999",0,0,0,0,0
"3000",1,0,0,0,0
"3001",0,0,0,0,0
"3002",1,1,0,0,0
"3003",NA,NA,NA,NA,NA
"3004",0,0,0,0,0
"3005",0,0,0,0,0
"3006",1,0,0,0,0
"3007",0,0,0,0,0
"3008",0,1,0,0,0
"3009",0,0,0,0,0
"3010",0,0,0,0,NA
"3011",0,0,0,0,0
"3012",0,0,0,0,0
"3013",0,1,0,0,0
"3014",0,0,0,0,0
"3015",1,1,0,0,0
"3016",0,0,0,0,0
"3017",0,1,0,0,0
"3018",0,0,0,0,0
"3019",1,0,0,0,0
"3020",1,1,0,0,NA
"3021",1,1,0,0,NA
"3022",0,0,0,0,0
"3023",0,1,0,0,NA
"3024",0,1,0,0,NA
"3025",1,0,0,0,0
"3026",1,0,0,0,0
"3027",0,1,0,0,NA
"3028",0,0,0,0,0
"3029",1,0,0,0,NA
"3030",1,0,0,0,0
"3031",0,0,0,0,0
"3032",1,1,0,0,NA
"3033",0,1,0,0,0
"3034",0,1,0,0,0
"3035",0,0,1,0,0
"3036",0,1,0,0,0
"3037",0,0,0,0,0
"3038",0,0,0,0,0
"3039",1,0,0,0,0
"3040",0,0,0,0,0
"3041",0,0,0,0,0
"3042",0,0,1,0,0
"3043",1,0,0,1,0
"3044",0,1,0,0,0
"3045",0,0,0,0,0
"3046",1,0,0,0,0
"3047",0,0,0,0,0
"3048",1,0,0,0,1
"3049",0,0,1,0,0
"3050",0,0,0,0,0
"3051",1,1,0,0,0
"3052",1,0,0,0,0
"3053",1,0,0,0,0
"3054",0,0,0,0,0
"3055",1,0,1,0,NA
"3056",1,1,0,0,0
"3057",0,1,0,0,0
"3058",1,1,0,0,0
"3059",1,0,0,1,1
"3060",0,0,0,0,0
"3061",0,0,0,0,0
"3062",0,0,0,1,0
"3063",1,0,0,0,0
"3064",NA,NA,NA,NA,NA
"3065",1,0,0,0,0
"3066",0,0,0,0,0
"3067",1,1,0,0,0
"3068",1,0,0,0,0
"3069",0,0,0,0,0
"3070",0,0,0,0,0
"3071",1,1,0,0,0
"3072",0,1,0,0,0
"3073",1,1,0,0,0
"3074",1,0,0,1,0
"3075",0,1,0,0,0
"3076",1,0,0,0,0
"3077",0,1,0,0,0
"3078",0,0,0,0,0
"3079",0,0,0,0,0
"3080",0,0,0,0,0
"3081",0,0,0,0,0
"3082",1,0,0,0,0
"3083",0,0,0,0,0
"3084",0,0,0,0,0
"3085",0,1,0,0,0
"3086",1,0,0,0,0
"3087",1,0,0,0,0
"3088",0,0,1,0,0
"3089",0,0,0,0,0
"3090",1,0,0,0,NA
"3091",1,0,0,0,0
"3092",0,0,0,0,0
"3093",0,0,0,0,NA
"3094",0,1,0,0,0
"3095",0,0,0,0,0
"3096",0,0,0,0,0
"3097",0,0,0,0,0
"3098",0,0,0,0,NA
"3099",1,1,0,0,0
"3100",0,1,0,0,0
"3101",1,1,0,0,0
"3102",1,0,0,0,0
"3103",1,0,0,0,0
"3104",0,0,0,0,0
"3105",0,0,0,0,0
"3106",0,0,0,0,0
"3107",0,0,0,0,NA
"3108",1,0,0,0,NA
"3109",1,1,0,0,0
"3110",0,0,0,0,0
"3111",0,0,0,0,NA
"3112",1,1,0,0,0
"3113",0,0,1,0,0
"3114",0,0,0,0,0
"3115",0,1,0,0,NA
"3116",0,0,0,0,0
"3117",1,0,0,0,0
"3118",1,0,0,0,0
"3119",0,0,0,0,0
"3120",0,0,0,0,0
"3121",0,0,0,0,0
"3122",1,1,0,0,0
"3123",0,0,0,0,0
"3124",1,1,0,0,0
"3125",0,0,0,0,0
"3126",0,0,0,0,0
"3127",0,1,0,0,0
"3128",0,0,0,0,0
"3129",0,0,0,1,0
"3130",1,0,0,0,0
"3131",1,1,0,0,0
"3132",0,0,0,0,0
"3133",0,0,0,0,0
"3134",1,0,0,0,0
"3135",0,0,0,0,0
"3136",0,1,0,0,0
"3137",1,0,0,0,NA
"3138",1,1,0,0,0
"3139",1,1,0,0,0
"3140",1,0,0,0,0
"3141",0,0,0,0,0
"3142",1,0,0,0,0
"3143",1,0,0,0,0
"3144",0,0,0,0,0
"3145",0,0,0,0,0
"3146",0,0,0,0,0
"3147",0,1,0,0,0
"3148",1,0,1,0,0
"3149",1,0,1,0,0
"3150",0,0,0,0,0
"3151",0,0,0,0,0
"3152",0,1,0,0,0
"3153",0,0,0,0,0
"3154",1,0,0,0,0
"3155",0,1,0,0,0
"3156",1,0,0,0,0
"3157",1,1,0,0,NA
"3158",1,0,0,0,0
"3159",1,0,0,0,0
"3160",0,1,0,0,NA
"3161",0,0,0,0,0
"3162",0,1,0,0,0
"3163",0,1,0,0,0
"3164",1,0,0,0,0
"3165",1,0,0,0,0
"3166",1,0,0,0,0
"3167",0,0,0,0,0
"3168",1,0,0,0,0
"3169",1,0,0,1,0
"3170",1,0,0,0,0
"3171",1,0,1,0,0
"3172",0,0,0,0,0
"3173",0,0,0,0,0
"3174",0,0,0,0,0
"3175",1,1,0,0,0
"3176",0,0,0,0,0
"3177",0,0,0,0,0
"3178",0,1,0,NA,NA
"3179",0,1,0,0,0
"3180",1,0,0,1,0
"3181",1,1,0,0,NA
"3182",1,0,0,0,0
"3183",1,0,0,0,0
"3184",0,1,0,0,0
"3185",1,1,0,0,0
"3186",1,1,0,0,0
"3187",0,0,0,0,0
"3188",1,0,0,0,0
"3189",1,1,0,0,0
"3190",1,0,0,1,0
"3191",1,1,0,0,0
"3192",0,0,0,0,0
"3193",1,1,0,0,0
"3194",1,1,0,0,0
"3195",1,1,0,0,NA
"3196",1,0,0,0,0
"3197",0,1,0,0,0
"3198",1,0,0,0,0
"3199",0,0,0,0,0
"3200",0,1,0,0,0
"3201",0,0,0,0,0
"3202",0,0,0,0,NA
"3203",1,0,0,0,0
"3204",1,0,0,0,NA
"3205",1,1,0,0,0
"3206",0,1,0,0,0
"3207",1,0,0,0,0
"3208",1,0,0,0,0
"3209",1,0,0,0,0
"3210",0,1,0,0,0
"3211",0,1,0,0,0
"3212",1,1,1,1,0
"3213",1,0,0,0,0
"3214",1,0,0,0,0
"3215",0,0,0,0,0
"3216",0,0,0,0,0
"3217",0,0,0,0,0
"3218",1,0,0,0,0
"3219",0,0,0,0,0
"3220",0,0,0,0,0
"3221",0,1,0,0,0
"3222",0,0,0,0,0
"3223",1,0,0,0,0
"3224",1,0,0,0,0
"3225",0,0,0,0,0
"3226",0,0,0,0,0
"3227",0,0,0,0,0
"3228",0,0,0,0,0
"3229",1,0,0,1,0
"3230",0,0,0,0,0
"3231",1,0,0,0,0
"3232",1,1,0,0,0
"3233",1,0,0,0,0
"3234",1,1,0,0,0
"3235",1,0,1,0,0
"3236",0,0,0,0,0
"3237",0,0,0,0,NA
"3238",1,1,1,0,0
"3239",1,0,0,0,NA
"3240",1,1,0,0,NA
"3241",1,1,0,0,0
"3242",1,1,0,0,0
"3243",0,0,0,0,0
"3244",1,0,0,0,0
"3245",1,0,0,0,0
"3246",1,1,0,0,0
"3247",1,0,0,0,0
"3248",0,0,0,0,0
"3249",0,0,0,0,0
"3250",1,1,0,0,0
"3251",1,1,0,0,0
"3252",0,0,1,0,0
"3253",0,0,0,0,0
"3254",0,0,0,0,0
"3255",1,0,0,0,0
"3256",0,0,0,0,0
"3257",0,0,0,0,NA
"3258",0,1,0,0,0
"3259",1,1,0,0,0
"3260",1,0,0,0,0
"3261",1,0,0,0,0
"3262",1,0,0,0,0
"3263",1,1,0,0,0
"3264",1,0,0,0,0
"3265",0,1,0,0,0
"3266",0,0,0,0,0
"3267",0,0,1,0,0
"3268",1,0,0,0,0
"3269",1,0,0,0,0
"3270",0,0,0,0,0
"3271",1,1,0,0,NA
"3272",0,1,0,0,0
"3273",1,0,0,0,0
"3274",1,0,0,0,0
"3275",0,0,0,0,0
"3276",0,0,0,0,0
"3277",1,1,0,0,0
"3278",0,0,0,0,0
"3279",1,0,0,0,NA
"3280",1,0,0,0,0
"3281",0,0,0,0,0
"3282",0,0,0,0,NA
"3283",0,1,0,0,0
"3284",0,1,0,0,0
"3285",1,1,0,0,0
"3286",1,0,0,0,0
"3287",0,0,0,0,0
"3288",1,1,0,0,0
"3289",0,0,0,0,0
"3290",1,0,0,0,0
"3291",1,0,0,0,0
"3292",1,0,0,0,0
"3293",0,0,0,0,0
"3294",1,0,0,0,0
"3295",1,0,0,0,0
"3296",1,1,0,0,0
"3297",0,0,0,0,0
"3298",1,1,0,0,0
"3299",1,0,0,0,0
"3300",0,0,0,0,0
"3301",0,0,0,0,0
"3302",1,0,0,1,0
"3303",1,0,0,0,0
"3304",1,0,0,0,0
"3305",0,0,0,0,0
"3306",1,0,0,0,0
"3307",1,0,0,0,0
"3308",0,0,0,0,0
"3309",0,0,0,0,0
"3310",1,0,0,1,0
"3311",0,0,0,0,NA
"3312",1,0,0,0,0
"3313",1,0,0,0,NA
"3314",0,1,1,0,0
"3315",1,1,1,0,0
"3316",1,0,0,0,0
"3317",1,1,0,1,0
"3318",1,0,0,0,0
"3319",1,0,0,0,0
"3320",0,1,0,0,0
"3321",1,0,0,0,0
"3322",0,0,0,0,1
"3323",0,0,0,0,NA
"3324",1,0,0,0,0
"3325",0,1,0,0,0
"3326",1,0,0,0,0
"3327",1,1,1,0,0
"3328",1,0,0,0,NA
"3329",0,1,0,0,0
"3330",1,1,0,1,0
"3331",0,1,0,0,0
"3332",0,0,1,0,0
"3333",1,0,0,0,0
"3334",1,0,0,0,0
"3335",1,0,0,1,0
"3336",0,0,0,0,0
"3337",0,0,0,0,0
"3338",0,0,0,0,0
"3339",1,0,0,0,0
"3340",0,0,0,0,0
"3341",1,0,0,0,0
"3342",0,1,0,0,0
"3343",0,0,0,1,0
"3344",0,0,0,0,0
"3345",0,1,0,0,0
"3346",1,1,0,0,0
"3347",0,0,0,0,0
"3348",1,1,0,0,0
"3349",1,0,0,0,0
"3350",1,1,0,0,0
"3351",1,0,0,0,0
"3352",1,0,0,0,0
"3353",1,0,0,0,0
"3354",0,0,0,0,0
"3355",0,1,NA,NA,NA
"3356",1,1,0,0,0
"3357",0,1,0,0,0
"3358",1,0,1,0,0
"3359",1,0,1,0,0
"3360",1,1,0,1,1
"3361",1,0,0,0,0
"3362",1,1,0,0,0
"3363",0,0,0,0,0
"3364",0,0,0,0,0
"3365",1,1,0,0,NA
"3366",0,0,0,0,NA
"3367",0,0,0,1,0
"3368",0,0,0,0,0
"3369",0,1,0,0,0
"3370",1,0,0,0,NA
"3371",0,0,0,0,0
"3372",0,0,0,0,0
"3373",0,0,0,0,0
"3374",0,1,0,0,0
"3375",0,1,0,0,0
"3376",1,0,0,0,0
"3377",0,1,0,1,NA
"3378",0,1,0,0,0
"3379",1,0,1,1,0
"3380",0,0,0,0,0
"3381",1,1,0,0,0
"3382",0,1,0,0,0
"3383",1,0,0,0,0
"3384",1,1,0,0,0
"3385",0,1,0,0,0
"3386",1,0,0,0,0
"3387",0,1,0,0,0
"3388",1,0,0,0,0
"3389",0,0,0,0,0
"3390",1,1,0,0,0
"3391",0,1,0,0,0
"3392",1,1,0,0,0
"3393",0,0,0,0,0
"3394",0,1,0,0,NA
"3395",0,0,0,0,0
"3396",1,0,0,0,0
"3397",0,1,0,0,NA
"3398",0,0,0,0,0
"3399",0,0,0,0,0
"3400",1,0,0,0,0
"3401",0,0,1,0,0
"3402",1,0,0,0,0
"3403",1,1,0,0,0
"3404",0,0,0,0,0
"3405",1,1,0,0,0
"3406",0,0,0,0,0
"3407",0,0,1,0,0
"3408",0,0,0,0,0
"3409",0,0,0,0,0
"3410",0,1,0,0,0
"3411",0,0,1,0,0
"3412",0,1,0,0,0
"3413",0,0,0,0,0
"3414",0,0,0,0,0
"3415",1,1,1,0,0
"3416",1,0,0,0,0
"3417",0,1,0,0,NA
"3418",1,0,0,0,0
"3419",0,1,0,0,0
"3420",0,0,0,0,0
"3421",0,1,0,0,0
"3422",0,0,0,0,0
"3423",1,1,0,0,0
"3424",0,0,1,0,0
"3425",1,0,0,0,0
"3426",1,0,0,0,0
"3427",1,0,0,1,NA
"3428",1,1,0,0,0
"3429",0,0,0,0,0
"3430",1,0,0,0,0
"3431",1,0,0,1,0
"3432",0,0,0,0,0
"3433",0,0,0,0,0
"3434",0,0,0,0,0
"3435",1,0,0,0,0
"3436",0,0,0,0,NA
"3437",0,0,0,0,0
"3438",1,0,0,0,NA
"3439",0,0,0,0,NA
"3440",0,0,0,0,0
"3441",0,1,0,0,0
"3442",1,0,0,0,1
"3443",0,0,0,0,0
"3444",0,0,0,0,0
"3445",1,0,0,0,0
"3446",0,0,0,0,0
"3447",0,0,0,0,0
"3448",1,1,0,0,0
"3449",0,0,0,0,0
"3450",1,0,0,0,0
"3451",1,0,0,0,0
"3452",0,1,0,0,NA
"3453",1,1,0,0,NA
"3454",1,0,0,0,0
"3455",0,1,0,0,0
"3456",1,1,0,0,0
"3457",0,0,0,0,0
"3458",0,0,0,0,0
"3459",1,0,0,0,0
"3460",0,0,0,0,0
"3461",1,1,0,0,0
"3462",1,1,0,NA,NA
"3463",1,0,0,0,1
"3464",1,1,0,0,0
"3465",0,0,0,0,0
"3466",0,0,0,0,0
"3467",0,0,0,0,0
"3468",0,0,0,0,0
"3469",1,1,0,0,0
"3470",1,0,0,0,0
"3471",0,0,0,0,0
"3472",1,0,0,0,0
"3473",1,0,0,0,0
"3474",0,0,0,0,0
"3475",1,1,0,0,0
"3476",0,0,0,0,0
"3477",0,0,0,0,0
"3478",1,0,1,0,0
"3479",0,0,0,0,0
"3480",0,1,0,1,0
"3481",1,0,0,0,0
"3482",1,0,0,0,0
"3483",1,0,0,0,0
"3484",0,0,0,0,0
"3485",1,0,0,1,0
"3486",1,0,0,0,0
"3487",0,0,0,0,0
"3488",1,0,0,0,0
"3489",0,1,0,0,0
"3490",0,0,1,0,0
"3491",1,1,0,0,0
"3492",0,0,0,0,NA
"3493",0,0,0,0,0
"3494",0,0,0,0,0
"3495",1,1,0,0,0
"3496",1,0,0,0,0
"3497",0,1,0,0,0
"3498",1,0,0,0,0
"3499",1,0,0,0,0
"3500",0,1,0,0,0
"3501",1,0,0,0,NA
"3502",0,0,0,1,0
"3503",1,1,0,0,0
"3504",1,0,0,0,NA
"3505",0,0,0,0,0
"3506",0,0,0,0,0
"3507",0,0,0,0,0
"3508",0,0,0,0,1
"3509",1,0,0,0,NA
"3510",0,0,0,0,NA
"3511",0,0,0,0,0
"3512",0,1,1,0,0
"3513",0,0,0,0,0
"3514",1,0,0,0,0
"3515",1,0,0,0,NA
"3516",0,0,0,0,0
"3517",0,0,0,0,0
"3518",0,1,0,1,NA
"3519",1,0,0,0,0
"3520",0,1,NA,NA,NA
"3521",1,1,0,0,0
"3522",0,0,0,0,0
"3523",1,0,0,0,0
"3524",0,1,0,0,0
"3525",0,0,1,0,0
"3526",0,0,0,0,0
"3527",0,1,0,0,NA
"3528",0,0,0,0,0
"3529",1,0,0,0,0
"3530",0,0,0,0,0
"3531",0,1,0,0,0
"3532",1,0,0,0,0
"3533",1,1,0,0,0
"3534",1,0,0,0,NA
"3535",0,1,0,0,0
"3536",1,0,0,0,0
"3537",0,1,0,0,NA
"3538",0,0,0,0,0
"3539",0,0,0,0,0
"3540",1,1,0,0,0
"3541",0,0,0,0,NA
"3542",1,0,0,0,NA
"3543",0,1,0,0,0
"3544",0,0,0,0,0
"3545",0,0,0,0,0
"3546",1,0,0,0,NA
"3547",0,1,0,1,0
"3548",0,1,0,0,0
"3549",0,0,0,0,NA
"3550",0,0,0,0,0
"3551",0,0,0,0,0
"3552",0,0,0,0,0
"3553",0,0,0,0,0
"3554",0,0,0,1,0
"3555",0,0,0,0,0
"3556",0,0,1,0,0
"3557",1,1,0,0,0
"3558",0,0,0,0,0
"3559",0,0,0,0,0
"3560",0,0,0,0,0
"3561",1,0,1,0,0
"3562",1,0,0,0,0
"3563",1,0,0,0,0
"3564",0,0,0,1,0
"3565",1,0,0,0,0
"3566",1,0,0,0,0
"3567",0,1,1,0,0
"3568",1,0,1,0,0
"3569",1,1,0,0,NA
"3570",0,0,0,0,0
"3571",0,0,0,1,NA
"3572",0,0,0,1,0
"3573",0,1,0,0,0
"3574",0,1,0,0,0
"3575",1,0,0,0,NA
"3576",0,0,0,0,NA
"3577",0,0,0,0,0
"3578",0,0,0,0,0
"3579",1,0,0,0,0
"3580",0,0,0,0,0
"3581",1,0,0,0,0
"3582",0,1,0,1,NA
"3583",1,0,0,0,0
"3584",1,0,0,0,0
"3585",1,0,0,0,0
"3586",0,0,0,0,0
"3587",0,0,0,0,0
"3588",0,1,0,0,0
"3589",0,0,1,0,0
"3590",1,1,0,1,0
"3591",0,0,0,0,NA
"3592",1,0,0,0,0
"3593",0,0,0,0,0
"3594",0,1,0,0,0
"3595",0,0,0,0,0
"3596",0,0,0,1,NA
"3597",0,0,0,0,0
"3598",0,0,0,0,0
"3599",0,1,0,0,NA
"3600",1,0,0,0,0
"3601",0,0,0,0,0
"3602",1,0,0,0,0
"3603",1,1,0,0,NA
"3604",0,0,0,0,0
"3605",0,0,0,0,0
"3606",0,1,0,0,0
"3607",1,0,0,0,0
"3608",0,0,0,1,0
"3609",0,0,0,0,0
"3610",1,0,0,0,0
"3611",0,0,0,0,0
"3612",1,0,0,0,0
"3613",0,1,0,0,0
"3614",0,0,0,0,0
"3615",1,0,1,0,0
"3616",0,0,0,0,0
"3617",0,0,0,0,0
"3618",0,1,0,0,0
"3619",0,1,0,0,0
"3620",0,0,0,0,0
"3621",0,0,0,NA,NA
"3622",0,0,0,0,0
"3623",1,0,0,0,0
"3624",1,0,0,0,0
"3625",0,0,0,0,0
"3626",1,1,0,0,0
"3627",0,0,0,0,NA
"3628",1,0,0,0,0
"3629",1,0,1,0,0
"3630",1,1,0,0,0
"3631",1,1,0,0,0
"3632",1,0,0,1,0
"3633",1,0,0,0,0
"3634",0,0,0,0,0
"3635",1,0,0,0,NA
"3636",0,0,0,0,0
"3637",0,1,0,0,0
"3638",1,1,0,1,0
"3639",0,0,0,0,NA
"3640",0,0,0,0,0
"3641",0,0,0,0,0
"3642",0,1,0,0,0
"3643",0,1,0,0,0
"3644",0,0,0,0,0
"3645",1,1,0,0,0
"3646",1,0,0,0,0
"3647",0,1,0,0,NA
"3648",1,0,0,0,0
"3649",0,0,0,0,NA
"3650",1,1,0,0,0
"3651",0,0,0,0,0
"3652",0,1,0,0,0
"3653",0,1,0,0,0
"3654",0,1,0,0,0
"3655",0,0,0,0,0
"3656",1,0,0,0,0
"3657",0,1,1,0,0
"3658",0,1,0,0,0
"3659",1,1,0,1,0
"3660",1,1,0,0,0
"3661",0,1,0,0,0
"3662",0,0,0,0,0
"3663",0,0,0,0,0
"3664",0,1,0,0,0
"3665",1,1,0,0,NA
"3666",0,0,0,0,NA
"3667",0,0,0,1,NA
"3668",0,1,0,0,0
"3669",0,1,0,0,0
"3670",0,0,0,0,0
"3671",1,0,0,0,0
"3672",0,1,0,0,0
"3673",0,1,0,0,0
"3674",0,1,0,1,0
"3675",0,0,0,0,0
"3676",0,0,0,0,0
"3677",1,0,0,1,0
"3678",0,0,0,0,0
"3679",0,1,0,0,0
"3680",1,0,0,0,0
"3681",1,0,0,0,0
"3682",0,0,0,0,0
"3683",0,0,0,0,0
"3684",1,0,0,0,NA
"3685",1,0,0,1,NA
"3686",0,1,0,0,NA
"3687",1,0,0,0,0
"3688",1,1,0,0,0
"3689",1,1,0,0,0
"3690",1,0,0,NA,NA
"3691",1,1,0,0,0
"3692",1,1,0,0,0
"3693",1,0,0,0,0
"3694",0,0,0,0,0
"3695",0,1,0,0,0
"3696",0,1,0,0,0
"3697",1,1,0,0,NA
"3698",1,0,0,0,0
"3699",0,0,0,0,NA
"3700",1,1,0,0,0
"3701",0,0,0,0,NA
"3702",1,1,0,0,0
"3703",0,1,0,0,0
"3704",1,1,0,0,0
"3705",1,0,0,0,0
"3706",1,1,0,0,0
"3707",1,1,0,1,0
"3708",0,0,0,0,0
"3709",0,0,0,0,NA
"3710",1,0,0,0,0
"3711",1,1,0,0,NA
"3712",1,0,0,0,0
"3713",1,0,0,0,0
"3714",1,0,0,0,0
"3715",0,1,0,0,NA
"3716",1,0,0,0,0
"3717",0,0,0,0,0
"3718",0,0,0,0,0
"3719",0,0,0,0,0
"3720",1,1,0,0,0
"3721",1,1,0,0,0
"3722",1,1,0,0,0
"3723",0,0,0,0,0
"3724",0,0,0,0,0
"3725",1,1,0,0,NA
"3726",0,0,0,0,0
"3727",0,0,0,0,0
"3728",0,1,0,0,0
"3729",1,0,0,0,NA
"3730",0,0,0,0,0
"3731",1,1,0,0,0
"3732",1,0,0,0,0
"3733",1,0,0,0,0
"3734",0,1,0,0,0
"3735",0,0,0,1,0
"3736",0,0,0,1,0
"3737",0,0,1,0,0
"3738",1,1,0,0,0
"3739",0,0,0,0,0
"3740",1,1,0,0,0
"3741",1,1,0,0,0
"3742",1,1,0,0,0
"3743",0,0,0,0,0
"3744",1,1,0,0,0
"3745",1,0,0,0,1
"3746",0,0,0,0,0
"3747",1,1,0,0,0
"3748",0,1,0,0,0
"3749",0,1,0,0,NA
"3750",0,1,0,1,0
"3751",0,1,0,0,NA
"3752",1,1,0,0,0
"3753",0,1,0,0,0
"3754",1,1,0,0,0
"3755",0,1,0,0,0
"3756",1,0,0,1,NA
"3757",1,1,0,0,0
"3758",0,0,0,0,NA
"3759",0,0,0,0,NA
"3760",0,1,0,0,0
"3761",0,0,0,0,0
"3762",0,0,1,0,0
"3763",0,1,0,0,0
"3764",0,0,0,0,0
"3765",0,0,1,0,0
"3766",0,0,0,0,0
"3767",0,0,0,0,0
"3768",1,0,0,0,0
"3769",0,1,0,0,0
"3770",1,1,0,0,0
"3771",0,0,0,0,0
"3772",1,0,0,0,0
"3773",0,0,1,0,0
"3774",1,0,0,0,0
"3775",0,0,0,0,0
"3776",0,0,0,0,0
"3777",0,0,0,0,0
"3778",1,1,0,0,NA
"3779",0,0,0,0,0
"3780",0,0,0,0,NA
"3781",1,0,0,0,0
"3782",1,0,0,0,0
"3783",1,0,0,0,NA
"3784",1,0,1,0,0
"3785",1,0,0,0,0
"3786",1,0,0,0,0
"3787",1,1,0,0,0
"3788",1,1,0,1,0
"3789",0,1,0,0,0
"3790",0,1,0,0,0
"3791",1,1,0,0,0
"3792",1,1,0,0,0
"3793",0,0,1,0,0
"3794",0,0,0,0,NA
"3795",1,0,0,0,0
"3796",1,1,0,0,0
"3797",0,0,0,0,0
"3798",0,1,0,0,0
"3799",1,0,0,0,0
"3800",0,0,0,0,0
"3801",0,0,0,0,NA
"3802",1,0,0,0,0
"3803",0,0,0,0,0
"3804",1,1,0,0,0
"3805",1,1,0,0,NA
"3806",1,0,1,0,NA
"3807",0,0,0,0,0
"3808",0,0,0,0,0
"3809",0,1,0,0,0
"3810",1,0,0,0,NA
"3811",0,0,0,0,0
"3812",0,0,0,0,0
"3813",0,0,0,0,0
"3814",1,1,0,0,NA
"3815",0,0,0,0,0
"3816",0,1,0,0,0
"3817",0,0,0,0,NA
"3818",1,0,0,0,0
"3819",1,1,0,0,0
"3820",0,0,0,0,NA
"3821",0,0,0,1,0
"3822",0,0,0,0,0
"3823",1,0,0,0,0
"3824",1,0,0,0,0
"3825",1,0,0,0,0
"3826",1,0,0,0,0
"3827",1,1,0,0,0
"3828",0,1,0,0,0
"3829",0,0,0,0,NA
"3830",0,0,1,0,0
"3831",0,1,0,0,0
"3832",0,1,0,0,0
"3833",1,0,0,0,0
"3834",1,1,0,0,0
"3835",0,0,0,0,NA
"3836",1,0,0,0,0
"3837",1,0,0,0,0
"3838",1,0,0,0,0
"3839",0,1,0,0,0
"3840",0,0,0,0,0
"3841",1,1,0,0,NA
"3842",0,1,0,0,0
"3843",0,1,0,0,NA
"3844",1,1,0,0,0
"3845",1,0,0,0,NA
"3846",1,0,0,0,NA
"3847",0,1,0,0,0
"3848",1,0,0,0,0
"3849",0,0,0,0,0
"3850",0,1,0,0,0
"3851",0,0,0,0,0
"3852",0,0,0,0,0
"3853",1,0,0,1,NA
"3854",0,1,0,1,0
"3855",1,0,0,0,0
"3856",0,1,0,0,NA
"3857",0,0,0,0,0
"3858",1,1,0,0,0
"3859",1,1,0,0,NA
"3860",0,0,0,1,0
"3861",0,0,0,1,NA
"3862",1,0,0,0,0
"3863",1,0,0,0,0
"3864",1,0,0,0,0
"3865",0,0,0,0,0
"3866",1,0,0,0,0
"3867",0,1,0,0,0
"3868",1,0,0,0,NA
"3869",0,0,1,0,0
"3870",0,1,0,0,0
"3871",0,0,0,0,0
"3872",1,0,0,0,0
"3873",0,1,0,0,0
"3874",1,1,0,0,NA
"3875",1,0,1,0,0
"3876",0,0,0,0,0
"3877",0,0,0,0,NA
"3878",0,0,0,0,0
"3879",1,0,0,0,0
"3880",0,0,0,1,0
"3881",1,0,0,0,0
"3882",1,1,0,0,NA
"3883",1,0,0,0,0
"3884",1,0,0,0,0
"3885",1,1,0,0,0
"3886",0,0,1,0,0
"3887",0,0,0,0,0
"3888",0,0,0,0,0
"3889",0,1,0,0,0
"3890",1,0,0,0,0
"3891",0,0,0,0,0
"3892",1,0,0,0,0
"3893",0,0,0,0,0
"3894",1,0,1,0,0
"3895",0,0,0,0,0
"3896",0,0,0,0,0
"3897",1,0,0,0,0
"3898",1,1,0,0,NA
"3899",1,0,0,0,0
"3900",0,0,0,0,0
"3901",1,0,0,0,0
"3902",0,0,0,0,0
"3903",1,0,0,0,0
"3904",1,1,0,0,0
"3905",0,1,0,0,0
"3906",1,0,0,0,0
"3907",0,1,0,0,0
"3908",0,1,0,0,0
"3909",0,1,0,0,0
"3910",1,0,0,0,0
"3911",0,1,1,0,0
"3912",0,0,0,0,0
"3913",0,0,0,NA,NA
"3914",1,0,0,0,0
"3915",0,0,0,0,0
"3916",0,1,0,0,0
"3917",0,1,0,0,0
"3918",0,0,0,0,0
"3919",0,0,0,0,0
"3920",0,1,0,0,0
"3921",1,1,0,0,0
"3922",0,0,0,0,0
"3923",0,0,0,NA,NA
"3924",0,0,1,0,0
"3925",0,0,0,0,0
"3926",1,0,0,0,0
"3927",1,1,0,0,0
"3928",0,0,0,0,0
"3929",0,0,0,0,0
"3930",0,0,1,0,0
"3931",1,0,0,0,NA
"3932",0,0,0,0,0
"3933",0,0,0,0,NA
"3934",0,1,0,0,0
"3935",0,1,0,1,0
"3936",0,0,0,0,0
"3937",1,1,0,0,0
"3938",0,0,0,0,NA
"3939",1,0,0,0,0
"3940",0,0,0,0,0
"3941",1,1,0,0,0
"3942",0,1,0,0,NA
"3943",1,0,0,0,NA
"3944",1,0,0,0,0
"3945",0,0,0,0,0
"3946",0,1,0,0,0
"3947",1,0,0,0,0
"3948",0,1,0,0,0
"3949",1,0,0,0,NA
"3950",0,0,0,0,0
"3951",0,0,1,0,0
"3952",1,0,0,1,0
"3953",0,0,0,0,NA
"3954",1,0,0,0,0
"3955",0,0,0,0,0
"3956",1,1,0,0,0
"3957",0,0,0,0,0
"3958",NA,NA,NA,NA,NA
"3959",0,1,0,0,0
"3960",1,1,0,0,0
"3961",1,1,0,0,0
"3962",0,0,0,0,0
"3963",0,0,0,0,0
"3964",0,1,1,0,0
"3965",0,1,0,0,0
"3966",1,0,0,0,0
"3967",1,0,0,0,0
"3968",1,0,0,0,0
"3969",0,0,0,0,0
"3970",1,0,0,0,0
"3971",0,1,0,0,0
"3972",0,0,0,0,0
"3973",0,0,0,0,NA
"3974",0,0,0,0,NA
"3975",0,0,0,0,0
"3976",0,1,0,0,0
"3977",0,0,0,0,0
"3978",0,1,0,0,0
"3979",0,0,0,0,0
"3980",0,1,0,0,0
"3981",0,0,0,0,NA
"3982",1,0,0,0,0
"3983",1,0,0,0,0
"3984",0,0,0,0,0
"3985",0,0,0,0,0
"3986",0,0,0,0,0
"3987",0,0,0,0,0
"3988",1,1,0,0,0
"3989",0,0,0,1,0
"3990",0,0,0,0,NA
"3991",0,1,0,0,0
"3992",0,0,0,0,0
"3993",0,1,0,0,0
"3994",1,0,0,0,0
"3995",0,1,0,0,0
"3996",1,0,0,0,0
"3997",0,0,0,0,0
"3998",0,1,0,0,0
"3999",0,0,1,0,0
"4000",1,0,0,0,0
"4001",0,0,0,0,0
"4002",1,0,0,1,0
"4003",1,0,1,0,0
"4004",1,0,0,0,0
"4005",1,1,1,0,0
"4006",0,1,0,0,0
"4007",0,0,0,0,0
"4008",0,0,0,0,0
"4009",0,1,0,0,0
"4010",1,1,0,0,0
"4011",0,1,0,0,0
"4012",1,0,0,0,NA
"4013",0,0,1,0,0
"4014",0,0,0,0,0
"4015",0,0,0,0,0
"4016",1,0,0,0,NA
"4017",0,0,0,0,0
"4018",1,0,0,0,0
"4019",1,0,1,0,0
"4020",0,0,0,0,0
"4021",0,0,0,0,0
"4022",1,1,0,0,0
"4023",0,0,1,0,0
"4024",1,1,1,0,0
"4025",0,0,0,0,0
"4026",1,1,0,0,0
"4027",0,0,0,1,0
"4028",0,0,0,0,0
"4029",0,0,0,0,0
"4030",0,0,0,0,0
"4031",0,1,0,0,0
"4032",0,0,0,0,0
"4033",1,0,0,0,0
"4034",1,0,0,0,NA
"4035",0,0,0,0,0
"4036",1,1,1,0,0
"4037",0,0,0,1,0
"4038",0,1,1,0,NA
"4039",0,0,0,0,0
"4040",0,0,0,0,0
"4041",0,0,0,0,0
"4042",1,1,0,0,0
"4043",0,0,0,0,0
"4044",0,0,0,0,0
"4045",0,0,0,0,0
"4046",0,0,0,0,0
"4047",1,1,0,0,0
"4048",1,1,0,1,0
"4049",1,1,1,0,0
"4050",0,0,0,0,0
"4051",0,1,0,0,0
"4052",0,1,0,0,0
"4053",0,1,1,0,0
"4054",0,0,0,0,0
"4055",1,0,0,0,0
"4056",0,0,0,0,0
"4057",1,0,0,0,0
"4058",0,0,1,0,0
"4059",1,0,0,0,0
"4060",0,1,1,0,0
"4061",1,0,0,0,0
"4062",1,1,0,0,0
"4063",1,1,1,0,NA
"4064",0,0,0,0,0
"4065",0,0,0,0,0
"4066",1,0,0,0,0
"4067",1,1,0,0,0
"4068",1,0,0,1,NA
"4069",0,1,0,0,0
"4070",1,0,0,0,0
"4071",1,NA,NA,NA,NA
"4072",0,0,0,0,0
"4073",1,1,0,0,0
"4074",1,1,0,0,0
"4075",1,0,0,0,0
"4076",0,0,0,0,0
"4077",0,0,0,0,0
"4078",0,0,0,0,0
"4079",1,1,1,0,0
"4080",0,0,1,0,0
"4081",1,0,0,0,0
"4082",1,0,0,0,0
"4083",1,1,0,0,0
"4084",0,1,0,1,0
"4085",1,0,0,0,0
"4086",1,0,0,0,0
"4087",0,0,0,0,NA
"4088",1,1,0,0,0
"4089",0,0,0,0,0
"4090",0,0,0,0,0
"4091",1,1,0,0,0
"4092",1,1,0,0,NA
"4093",1,1,0,0,0
"4094",1,1,0,0,0
"4095",0,1,0,1,NA
"4096",0,0,0,0,NA
"4097",1,1,0,0,0
"4098",0,1,0,0,NA
"4099",1,0,0,0,0
"4100",0,1,0,0,0
"4101",0,1,1,0,0
"4102",0,0,0,0,0
"4103",1,0,0,0,0
"4104",0,0,0,0,1
"4105",1,1,0,0,NA
"4106",1,0,0,0,0
"4107",0,0,0,NA,NA
"4108",1,0,0,0,0
"4109",1,0,0,0,0
"4110",0,1,0,0,0
"4111",1,0,0,0,0
"4112",1,0,1,1,0
"4113",1,1,0,0,0
"4114",1,1,0,0,0
"4115",0,1,0,1,0
"4116",0,0,0,0,0
"4117",0,1,0,0,0
"4118",0,0,0,0,0
"4119",1,0,0,1,0
"4120",1,1,0,0,0
"4121",1,0,0,0,0
"4122",1,0,0,0,0
"4123",0,0,0,0,0
"4124",0,0,0,0,0
"4125",0,1,0,0,0
"4126",0,0,0,0,0
"4127",1,0,0,0,0
"4128",0,1,0,0,0
"4129",0,0,0,0,0
"4130",1,0,0,1,0
"4131",0,0,0,0,0
"4132",0,0,0,0,0
"4133",1,1,0,0,0
"4134",0,1,0,0,0
"4135",0,1,0,0,0
"4136",0,1,0,0,0
"4137",1,0,0,0,0
"4138",0,0,0,0,0
"4139",1,0,0,0,0
"4140",1,0,1,0,0
"4141",0,0,1,0,0
"4142",1,1,0,0,NA
"4143",0,0,0,0,0
"4144",1,1,0,0,0
"4145",0,0,0,0,0
"4146",1,1,0,0,0
"4147",0,1,0,0,0
"4148",0,0,0,0,0
"4149",1,1,0,0,0
"4150",0,0,0,0,0
"4151",0,1,0,0,NA
"4152",0,0,0,1,0
"4153",1,0,0,0,0
"4154",1,0,1,0,0
"4155",1,1,1,0,0
"4156",0,0,0,0,0
"4157",1,0,1,0,0
"4158",0,0,0,0,0
"4159",0,0,0,0,0
"4160",0,0,0,0,0
"4161",1,0,0,0,NA
"4162",1,1,0,0,0
"4163",1,0,0,0,0
"4164",0,1,0,0,0
"4165",0,0,0,0,0
"4166",1,0,0,0,0
"4167",0,1,0,0,0
"4168",0,0,0,0,NA
"4169",0,0,0,0,0
"4170",1,0,0,0,0
"4171",0,0,0,0,0
"4172",0,0,0,0,0
"4173",0,0,1,0,0
"4174",1,1,0,0,0
"4175",0,0,0,0,0
"4176",0,0,0,0,0
"4177",0,0,0,0,0
"4178",1,0,0,0,NA
"4179",0,0,0,0,0
"4180",1,1,0,0,0
"4181",0,0,0,0,0
"4182",1,0,1,0,0
"4183",1,0,0,0,0
"4184",0,0,0,0,0
"4185",1,1,0,0,0
"4186",1,0,0,0,0
"4187",1,0,0,0,0
"4188",1,1,0,NA,NA
"4189",0,0,0,0,0
"4190",0,1,0,0,0
"4191",0,0,0,0,0
"4192",0,1,0,0,0
"4193",0,1,0,0,0
"4194",1,0,0,0,0
"4195",1,0,0,0,NA
"4196",1,1,0,0,0
"4197",0,0,0,0,0
"4198",1,0,0,0,0
"4199",0,0,0,0,0
"4200",1,0,0,0,0
"4201",1,0,1,0,0
"4202",0,0,0,0,0
"4203",0,0,0,0,0
"4204",0,1,0,0,0
"4205",1,0,0,0,0
"4206",0,0,1,0,0
"4207",0,0,0,0,0
"4208",0,1,0,0,NA
"4209",0,1,0,0,0
"4210",0,0,0,0,0
"4211",0,0,0,0,0
"4212",0,0,0,1,0
"4213",0,1,0,NA,NA
"4214",0,1,0,0,0
"4215",0,0,0,0,0
"4216",0,0,0,1,0
"4217",0,1,0,0,0
"4218",0,1,0,0,0
"4219",0,1,0,0,0
"4220",1,0,0,0,0
"4221",1,1,0,0,0
"4222",0,1,1,0,0
"4223",0,0,0,0,0
"4224",1,1,0,0,0
"4225",1,0,0,0,0
"4226",1,0,0,NA,NA
"4227",1,1,0,0,0
"4228",1,0,0,0,0
"4229",0,1,0,0,0
"4230",1,0,0,0,0
"4231",1,0,0,0,NA
"4232",1,0,0,0,0
"4233",1,0,0,0,NA
"4234",0,1,0,0,NA
"4235",1,0,0,0,0
"4236",0,0,0,0,0
"4237",1,1,0,0,0
"4238",0,1,0,0,0
"4239",1,0,0,0,0
"4240",0,0,0,0,0
"4241",1,0,0,0,NA
"4242",0,1,0,0,0
"4243",0,1,0,0,0
"4244",1,0,0,0,NA
"4245",0,0,0,0,0
"4246",1,0,0,0,0
"4247",0,0,0,0,0
"4248",1,0,0,0,NA
"4249",0,1,0,0,0
"4250",0,0,0,0,0
"4251",1,0,0,0,0
"4252",0,1,0,1,0
"4253",1,0,0,0,0
"4254",0,0,0,0,0
"4255",0,0,0,0,0
"4256",1,1,0,0,0
"4257",0,0,0,0,1
"4258",0,1,0,0,0
"4259",1,NA,NA,NA,NA
"4260",1,0,0,1,0
"4261",1,0,0,NA,NA
"4262",1,0,0,0,0
"4263",0,0,0,0,0
"4264",0,1,1,0,0
"4265",0,0,0,0,0
"4266",0,0,0,0,0
"4267",1,0,0,0,0
"4268",1,0,0,0,0
"4269",0,1,0,1,NA
"4270",0,0,0,0,NA
"4271",1,0,0,0,0
"4272",0,0,0,0,0
"4273",1,0,0,0,NA
"4274",1,0,0,0,0
"4275",1,0,0,0,NA
"4276",1,1,0,0,0
"4277",0,0,0,0,NA
"4278",1,1,0,0,0
"4279",0,1,1,0,0
"4280",1,1,1,0,0
"4281",0,1,1,0,NA
"4282",1,0,0,0,0
"4283",1,0,0,0,NA
"4284",0,0,0,1,0
"4285",0,0,0,0,0
"4286",0,0,0,1,0
"4287",0,0,0,0,0
"4288",1,1,1,0,0
"4289",0,0,0,0,0
"4290",0,0,0,0,0
"4291",0,0,0,0,0
"4292",0,1,0,0,0
"4293",0,0,1,1,0
"4294",0,0,0,0,0
"4295",1,0,0,0,0
"4296",0,0,0,0,0
"4297",0,0,0,0,0
"4298",1,0,1,0,0
"4299",0,0,0,0,NA
"4300",0,0,0,0,0
"4301",0,0,0,0,0
"4302",1,0,0,0,0
"4303",0,0,0,0,0
"4304",0,0,0,0,0
"4305",0,1,0,0,0
"4306",0,1,0,0,0
"4307",1,0,0,0,0
"4308",1,0,0,0,0
"4309",1,0,0,0,0
"4310",1,1,0,0,0
"4311",0,0,0,0,0
"4312",0,1,0,0,NA
"4313",1,0,0,0,NA
"4314",1,0,0,0,0
"4315",0,0,0,0,0
"4316",0,1,0,1,0
"4317",0,0,0,0,0
"4318",1,1,0,0,0
"4319",1,0,0,0,0
"4320",0,0,0,0,0
"4321",0,0,0,0,0
"4322",1,0,1,0,0
"4323",0,1,0,0,0
"4324",1,0,0,0,0
"4325",0,1,0,0,0
"4326",1,0,1,0,NA
"4327",0,0,0,0,0
"4328",1,0,0,0,NA
"4329",0,1,0,0,0
"4330",0,0,0,0,0
"4331",0,0,0,0,0
"4332",1,0,0,0,0
"4333",0,0,0,0,0
"4334",1,1,0,0,NA
"4335",1,1,0,0,0
"4336",0,1,0,0,0
"4337",0,0,0,0,0
"4338",0,0,0,1,0
"4339",0,0,0,0,0
"4340",0,0,0,0,0
"4341",0,1,0,0,0
"4342",0,0,0,0,0
"4343",1,0,0,0,0
"4344",0,1,0,0,0
"4345",1,1,0,0,0
"4346",0,1,0,NA,NA
"4347",1,0,0,0,0
"4348",0,1,1,0,0
"4349",1,0,0,NA,NA
"4350",0,0,0,0,0
"4351",0,0,0,0,0
"4352",0,1,0,0,0
"4353",0,1,0,0,0
"4354",0,0,0,0,NA
"4355",0,0,0,0,0
"4356",0,0,0,0,0
"4357",0,1,0,0,0
"4358",1,1,0,0,0
"4359",1,0,0,0,0
"4360",1,0,0,0,0
"4361",0,1,0,0,0
"4362",1,0,0,0,0
"4363",0,0,0,0,0
"4364",0,0,0,0,0
"4365",0,0,0,0,0
"4366",0,1,0,0,NA
"4367",1,1,0,0,0
"4368",1,1,0,1,0
"4369",0,0,0,0,0
"4370",1,0,1,0,0
"4371",1,0,0,0,0
"4372",1,1,0,0,0
"4373",0,0,0,0,0
"4374",1,0,0,0,NA
"4375",1,0,0,NA,NA
"4376",0,1,0,0,NA
"4377",0,0,0,0,0
"4378",1,0,0,0,0
"4379",0,0,0,0,0
"4380",0,1,0,0,0
"4381",0,1,0,1,0
"4382",0,0,0,0,0
"4383",0,1,1,0,NA
"4384",0,1,0,0,0
"4385",0,0,0,1,0
"4386",0,1,0,0,0
"4387",1,0,1,0,0
"4388",1,1,0,0,0
"4389",1,1,0,0,NA
"4390",0,0,0,0,0
"4391",0,0,0,0,0
"4392",1,1,0,NA,NA
"4393",0,0,0,0,0
"4394",1,0,0,0,0
"4395",1,1,0,0,0
"4396",1,0,0,0,0
"4397",0,0,0,0,0
"4398",0,0,0,1,NA
"4399",1,0,0,0,0
"4400",0,0,0,0,0
"4401",1,0,1,0,0
"4402",0,0,0,0,0
"4403",1,0,0,0,NA
"4404",0,0,0,0,0
"4405",0,1,0,0,0
"4406",0,1,0,0,0
"4407",1,1,0,0,0
"4408",0,0,0,0,0
"4409",0,0,0,0,NA
"4410",0,1,0,0,0
"4411",1,0,0,0,0
"4412",0,1,0,0,0
"4413",0,0,0,0,NA
"4414",1,0,0,0,0
"4415",0,0,0,0,0
"4416",0,0,0,0,0
"4417",0,0,0,0,0
"4418",1,1,0,0,0
"4419",1,1,0,0,0
"4420",0,0,0,0,1
"4421",0,0,0,0,0
"4422",0,1,0,0,0
"4423",1,0,0,0,0
"4424",1,0,0,0,0
"4425",0,0,0,0,0
"4426",0,0,0,0,0
"4427",1,0,0,0,0
"4428",1,1,0,0,0
"4429",1,0,0,0,0
"4430",1,0,0,0,NA
"4431",0,0,0,0,0
"4432",1,1,0,0,0
"4433",1,1,0,0,1
"4434",1,0,0,0,0
"4435",0,0,0,0,NA
"4436",1,1,0,1,0
"4437",0,0,0,0,0
"4438",1,0,0,0,0
"4439",0,0,0,0,NA
"4440",1,0,0,0,0
"4441",0,0,0,0,0
"4442",0,0,0,0,0
"4443",1,0,0,0,NA
"4444",1,1,0,1,0
"4445",0,0,0,0,0
"4446",1,0,0,0,0
"4447",1,0,0,0,0
"4448",1,1,0,0,0
"4449",0,0,0,0,0
"4450",0,1,0,0,0
"4451",0,0,0,0,0
"4452",0,0,0,0,0
"4453",0,0,0,0,0
"4454",0,0,0,0,0
"4455",1,0,0,0,0
"4456",0,1,0,0,0
"4457",0,1,0,0,0
"4458",0,0,1,0,NA
"4459",1,0,0,1,NA
"4460",0,0,0,0,0
"4461",1,0,0,0,0
"4462",0,1,0,0,0
"4463",0,1,0,0,0
"4464",0,0,0,0,0
"4465",0,1,0,0,0
"4466",1,0,0,0,0
"4467",0,0,0,0,0
"4468",1,0,0,0,0
"4469",0,1,0,0,0
"4470",0,1,1,0,0
"4471",0,0,0,0,0
"4472",1,1,0,0,0
"4473",1,0,0,0,0
"4474",0,0,0,0,0
"4475",0,1,0,0,NA
"4476",0,1,0,0,0
"4477",0,0,0,0,0
"4478",1,1,0,0,0
"4479",1,1,0,0,1
"4480",1,0,0,0,0
"4481",0,0,1,0,0
"4482",0,0,0,0,0
"4483",0,1,1,0,0
"4484",0,0,0,0,0
"4485",1,1,0,0,NA
"4486",0,0,0,0,0
"4487",1,0,0,0,0
"4488",1,0,0,0,0
"4489",0,1,0,0,0
"4490",1,0,0,0,0
"4491",1,1,0,0,0
"4492",1,0,0,1,0
"4493",0,0,0,0,0
"4494",0,1,0,0,0
"4495",1,0,0,0,0
"4496",0,0,0,0,0
"4497",0,0,0,0,0
"4498",0,1,0,0,0
"4499",1,1,0,0,NA
"4500",0,0,0,NA,NA
"4501",1,1,0,0,0
"4502",1,1,0,0,0
"4503",0,1,0,0,0
"4504",0,0,0,0,0
"4505",0,1,0,0,0
"4506",0,1,0,0,NA
"4507",0,0,0,0,0
"4508",1,0,0,0,NA
"4509",0,1,0,0,0
"4510",0,0,0,1,1
"4511",1,0,0,0,0
"4512",1,0,0,0,0
"4513",1,1,0,0,NA
"4514",1,1,1,0,0
"4515",1,0,0,0,0
"4516",1,1,0,0,0
"4517",0,1,0,0,0
"4518",0,1,0,0,0
"4519",1,1,0,0,0
"4520",1,0,0,0,0
"4521",1,1,0,0,NA
"4522",0,0,1,0,0
"4523",0,0,1,0,0
"4524",0,0,0,0,0
"4525",1,0,0,0,0
"4526",1,0,0,0,0
"4527",1,0,0,0,NA
"4528",0,1,0,0,0
"4529",0,1,1,0,0
"4530",0,0,0,0,0
"4531",1,0,0,1,0
"4532",1,0,0,0,0
"4533",0,1,0,0,0
"4534",0,1,0,0,0
"4535",0,0,0,0,0
"4536",0,0,0,1,0
"4537",0,0,1,0,0
"4538",0,0,0,0,0
"4539",1,0,0,0,NA
"4540",1,0,0,0,0
"4541",1,0,0,1,0
"4542",0,1,0,0,0
"4543",0,0,0,0,0
"4544",0,1,0,0,0
"4545",0,1,0,NA,NA
"4546",0,0,0,0,0
"4547",1,0,0,0,0
"4548",0,0,0,0,0
"4549",0,1,0,0,NA
"4550",0,1,0,0,0
"4551",1,0,0,0,NA
"4552",1,0,0,0,0
"4553",NA,NA,NA,NA,NA
"4554",0,0,0,0,0
"4555",1,0,1,0,0
"4556",0,1,0,1,0
"4557",0,1,0,0,0
"4558",1,0,0,0,0
"4559",0,0,0,0,0
"4560",0,0,0,0,0
"4561",1,0,0,0,0
"4562",0,0,0,0,0
"4563",0,0,0,0,0
"4564",1,0,0,0,0
"4565",1,1,0,0,NA
"4566",1,0,0,0,0
"4567",0,0,0,0,0
"4568",1,1,0,0,0
"4569",1,0,1,0,0
"4570",0,1,0,0,0
"4571",0,1,0,0,0
"4572",0,0,0,0,NA
"4573",0,0,0,0,0
"4574",1,0,0,0,NA
"4575",1,0,0,0,NA
"4576",0,0,0,0,0
"4577",1,0,0,0,0
"4578",1,1,0,0,0
"4579",1,0,0,0,0
"4580",1,1,0,0,0
"4581",1,0,0,0,0
"4582",1,0,0,0,0
"4583",0,0,0,0,0
"4584",1,0,0,0,0
"4585",0,0,0,0,0
"4586",0,1,0,0,0
"4587",0,0,0,0,0
"4588",1,0,0,0,0
"4589",1,1,0,0,0
"4590",0,1,0,0,0
"4591",1,0,0,0,NA
"4592",1,0,0,0,0
"4593",0,1,1,0,0
"4594",0,0,0,0,0
"4595",0,0,0,0,0
"4596",0,0,0,0,0
"4597",0,0,0,0,0
"4598",0,1,0,0,0
"4599",0,0,0,1,0
"4600",0,0,0,0,0
"4601",1,0,1,0,0
"4602",0,1,1,0,0
"4603",0,0,0,0,0
"4604",0,1,0,0,NA
"4605",0,1,0,0,0
"4606",0,0,0,0,NA
"4607",0,1,0,0,0
"4608",0,0,0,0,0
"4609",0,0,1,0,0
"4610",0,0,0,0,0
"4611",1,1,0,0,0
"4612",1,1,0,0,0
"4613",0,1,1,0,0
"4614",0,0,0,0,0
"4615",1,0,0,0,0
"4616",0,0,0,0,NA
"4617",0,1,0,0,0
"4618",1,1,0,0,0
"4619",1,0,0,0,0
"4620",1,1,0,0,0
"4621",0,0,0,0,0
"4622",1,0,0,0,0
"4623",1,0,0,0,0
"4624",0,1,0,0,0
"4625",1,0,0,0,0
"4626",0,0,0,0,NA
"4627",1,0,0,0,0
"4628",0,0,0,0,0
"4629",0,1,0,0,0
"4630",0,0,0,0,0
"4631",1,0,0,0,0
"4632",0,1,0,NA,NA
"4633",1,0,1,0,0
"4634",0,1,0,0,0
"4635",1,0,1,0,0
"4636",1,0,0,0,0
"4637",0,1,0,0,0
"4638",0,0,0,0,0
"4639",0,1,0,0,0
"4640",0,0,0,0,0
"4641",0,0,0,0,NA
"4642",1,0,0,0,0
"4643",0,0,0,0,0
"4644",1,0,0,0,0
"4645",0,1,0,0,0
"4646",1,0,0,NA,NA
"4647",1,1,0,0,0
"4648",1,1,0,0,0
"4649",0,1,0,0,1
"4650",1,0,0,0,NA
"4651",1,0,0,0,NA
"4652",0,0,1,0,0
"4653",1,1,0,0,0
"4654",0,0,0,0,0
"4655",0,0,0,0,0
"4656",1,0,0,1,0
"4657",1,0,0,0,0
"4658",0,0,0,0,0
"4659",0,0,0,0,0
"4660",1,0,0,0,0
"4661",0,1,0,0,0
"4662",1,1,0,0,0
"4663",1,0,0,NA,NA
"4664",1,0,0,0,NA
"4665",0,0,0,0,0
"4666",0,0,0,0,0
"4667",0,0,1,0,0
"4668",1,0,0,0,0
"4669",0,0,1,0,NA
"4670",0,0,0,0,0
"4671",0,0,0,0,0
"4672",1,0,0,1,0
"4673",1,1,0,0,NA
"4674",0,1,0,0,0
"4675",0,0,0,0,0
"4676",1,1,0,0,0
"4677",1,1,0,0,0
"4678",1,0,1,0,0
"4679",1,0,0,0,NA
"4680",1,0,0,0,0
"4681",0,0,0,1,0
"4682",1,1,0,0,NA
"4683",0,0,0,0,0
"4684",1,0,0,0,0
"4685",0,0,0,0,0
"4686",1,0,0,0,0
"4687",0,1,1,0,0
"4688",1,0,0,0,NA
"4689",1,0,0,0,NA
"4690",0,1,0,1,0
"4691",0,0,0,0,0
"4692",0,0,0,0,0
"4693",0,0,0,NA,NA
"4694",0,0,0,0,0
"4695",1,0,0,0,0
"4696",0,0,0,0,0
"4697",0,0,0,0,0
"4698",1,0,0,0,0
"4699",0,0,0,0,0
"4700",0,0,0,0,0
"4701",0,0,0,0,0
"4702",1,1,0,0,0
"4703",0,0,0,0,0
"4704",0,0,0,0,0
"4705",0,0,0,0,0
"4706",1,1,0,0,0
"4707",1,1,0,0,0
"4708",0,0,0,0,0
"4709",0,0,0,0,NA
"4710",NA,NA,NA,NA,NA
"4711",1,0,0,1,0
"4712",1,0,0,0,NA
"4713",0,0,0,0,0
"4714",1,0,0,0,0
"4715",0,0,0,0,0
"4716",1,1,0,0,0
"4717",0,0,0,0,NA
"4718",1,0,0,0,0
"4719",1,0,0,0,0
"4720",0,0,0,0,0
"4721",0,0,1,0,0
"4722",0,0,0,0,0
"4723",0,0,0,0,0
"4724",0,0,0,0,0
"4725",1,0,0,0,0
"4726",0,0,0,0,0
"4727",1,0,0,0,0
"4728",0,0,0,0,0
"4729",1,0,0,0,0
"4730",0,0,0,0,0
"4731",0,0,0,0,0
"4732",0,0,0,0,0
"4733",1,1,0,0,0
"4734",1,0,1,0,0
"4735",1,1,0,0,0
"4736",1,1,0,0,NA
"4737",0,0,0,0,0
"4738",0,0,0,0,0
"4739",1,0,0,0,0
"4740",0,1,0,0,NA
"4741",0,0,0,0,0
"4742",0,0,0,0,0
"4743",0,1,0,0,0
"4744",0,0,0,0,0
"4745",0,1,0,0,NA
"4746",0,0,0,0,0
"4747",0,0,0,1,0
"4748",0,0,0,0,0
"4749",0,0,0,0,0
"4750",1,0,0,0,0
"4751",1,0,0,0,0
"4752",1,0,0,0,0
"4753",1,0,0,0,0
"4754",0,0,0,0,0
"4755",1,0,0,0,0
"4756",0,0,0,0,0
"4757",0,0,0,0,0
"4758",0,0,0,0,0
"4759",1,1,0,NA,NA
"4760",0,1,0,0,0
"4761",0,0,0,0,0
"4762",0,0,0,0,0
"4763",0,0,0,0,0
"4764",0,0,0,0,0
"4765",0,1,1,0,0
"4766",1,0,0,0,0
"4767",0,1,0,0,0
"4768",0,1,1,0,0
"4769",1,0,0,0,0
"4770",1,0,0,0,0
"4771",0,0,0,0,NA
"4772",0,0,0,0,0
"4773",0,0,0,1,NA
"4774",0,0,0,0,0
"4775",1,1,0,0,1
"4776",1,0,0,0,0
"4777",0,0,1,0,0
"4778",1,0,0,1,0
"4779",1,1,0,0,0
"4780",0,0,0,1,0
"4781",0,1,0,1,NA
"4782",0,1,0,0,NA
"4783",1,0,0,0,0
"4784",0,0,0,0,0
"4785",1,1,0,0,0
"4786",1,0,1,0,0
"4787",0,0,0,0,NA
"4788",1,0,0,0,0
"4789",0,0,0,0,0
"4790",0,0,0,0,0
"4791",1,0,0,0,0
"4792",1,0,0,0,NA
"4793",0,0,1,0,0
"4794",1,0,0,0,0
"4795",1,0,0,0,0
"4796",0,1,1,0,0
"4797",1,0,0,0,0
"4798",0,0,0,0,0
"4799",1,0,1,0,0
"4800",1,0,0,0,0
"4801",0,1,0,0,0
"4802",0,1,0,0,0
"4803",0,0,0,0,NA
"4804",1,1,0,0,0
"4805",1,1,0,0,0
"4806",1,0,0,0,0
"4807",1,1,0,0,NA
"4808",1,0,0,0,0
"4809",0,0,0,0,0
"4810",0,0,0,0,0
"4811",1,0,0,0,NA
"4812",0,0,0,0,0
"4813",0,1,0,0,0
"4814",0,1,0,0,0
"4815",0,1,0,0,0
"4816",0,1,0,0,0
"4817",0,0,0,0,0
"4818",1,0,0,0,0
"4819",1,0,0,0,0
"4820",0,1,0,0,NA
"4821",0,0,0,0,0
"4822",0,0,1,0,0
"4823",0,0,0,0,0
"4824",0,0,0,0,0
"4825",0,1,0,0,0
"4826",1,0,0,0,0
"4827",1,0,0,0,0
"4828",1,1,0,0,0
"4829",1,0,0,0,0
"4830",1,0,0,0,0
"4831",1,0,0,0,0
"4832",0,0,0,0,NA
"4833",0,0,1,0,1
"4834",1,NA,NA,NA,NA
"4835",0,0,0,0,NA
"4836",1,0,0,0,0
"4837",0,0,0,0,0
"4838",1,0,0,0,0
"4839",0,1,0,0,0
"4840",0,0,0,1,0
"4841",0,0,0,0,0
"4842",0,1,1,0,0
"4843",1,NA,NA,NA,NA
"4844",0,1,0,0,0
"4845",0,1,0,0,0
"4846",1,1,0,0,0
"4847",1,1,0,0,0
"4848",0,0,0,0,0
"4849",0,1,0,1,0
"4850",1,1,0,0,NA
"4851",1,0,0,1,0
"4852",0,0,0,0,0
"4853",0,0,0,1,0
"4854",1,1,0,0,0
"4855",1,1,0,0,0
"4856",0,0,0,0,0
"4857",0,0,0,0,NA
"4858",1,1,0,0,0
"4859",1,0,0,0,NA
"4860",0,0,0,0,0
"4861",0,1,0,0,0
"4862",1,0,0,0,0
"4863",0,0,0,0,0
"4864",1,1,0,0,0
"4865",1,1,0,0,0
"4866",1,1,0,0,0
"4867",1,0,0,0,0
"4868",0,0,0,0,NA
"4869",1,1,0,1,NA
"4870",1,0,0,0,0
"4871",0,1,0,0,0
"4872",0,0,0,0,0
"4873",1,0,0,0,0
"4874",0,0,0,0,0
"4875",1,0,0,0,0
"4876",1,0,0,0,0
"4877",1,0,0,0,NA
"4878",0,0,1,0,0
"4879",0,0,0,0,0
"4880",1,0,1,0,NA
"4881",1,0,0,0,0
"4882",1,0,0,0,NA
"4883",0,1,0,0,NA
"4884",1,0,0,0,0
"4885",1,1,1,0,0
"4886",1,1,0,0,NA
"4887",1,0,0,0,0
"4888",0,1,0,0,0
"4889",1,1,0,0,0
"4890",1,0,0,1,0
"4891",0,1,0,0,0
"4892",1,1,0,0,NA
"4893",1,0,0,0,0
"4894",0,0,0,0,0
"4895",1,1,0,0,0
"4896",1,0,0,0,0
"4897",0,0,0,1,0
"4898",0,1,0,0,NA
"4899",0,1,0,0,0
"4900",1,1,0,0,0
"4901",1,0,1,0,0
"4902",1,0,0,0,0
"4903",0,0,0,0,NA
"4904",0,1,1,0,0
"4905",0,0,0,0,0
"4906",1,0,1,0,0
"4907",1,0,0,0,0
"4908",0,0,0,0,0
"4909",1,0,0,0,NA
"4910",0,0,0,0,0
"4911",0,0,1,0,0
"4912",1,1,0,0,NA
"4913",1,1,0,0,0
"4914",0,0,0,0,0
"4915",0,0,0,0,0
"4916",1,1,0,0,0
"4917",1,0,0,NA,NA
"4918",0,1,1,0,NA
"4919",0,0,0,0,0
"4920",1,0,0,0,0
"4921",1,0,0,0,0
"4922",0,1,0,0,0
"4923",1,0,0,0,0
"4924",0,0,0,0,0
"4925",0,1,0,0,0
"4926",0,0,0,0,0
"4927",1,1,0,0,0
"4928",1,0,0,0,0
"4929",0,1,0,0,0
"4930",0,0,0,0,0
"4931",0,1,0,NA,NA
"4932",1,0,0,0,0
"4933",0,0,0,0,0
"4934",0,0,0,0,0
"4935",0,0,0,0,NA
"4936",0,1,0,0,NA
"4937",0,0,0,0,0
"4938",1,1,0,0,0
"4939",1,0,0,0,0
"4940",0,0,0,0,0
"4941",0,0,0,1,0
"4942",1,1,0,0,0
"4943",0,1,0,0,0
"4944",0,0,0,0,0
"4945",1,0,0,0,0
"4946",0,1,0,0,NA
"4947",1,0,0,0,0
"4948",0,1,0,0,0
"4949",1,0,0,0,NA
"4950",1,1,1,0,0
"4951",0,0,0,0,0
"4952",1,0,0,0,0
"4953",0,1,0,0,NA
"4954",0,0,1,0,0
"4955",0,0,0,0,0
"4956",1,0,0,0,0
"4957",1,1,1,0,0
"4958",0,0,0,1,0
"4959",0,0,0,1,0
"4960",0,0,0,1,NA
"4961",0,0,0,0,0
"4962",1,0,0,0,0
"4963",0,0,0,0,0
"4964",1,0,0,1,NA
"4965",0,1,0,0,0
"4966",1,1,1,0,NA
"4967",1,0,0,0,NA
"4968",0,0,0,0,0
"4969",0,0,0,1,0
"4970",1,0,0,0,0
"4971",0,0,0,0,NA
"4972",0,1,0,0,0
"4973",0,0,0,0,0
"4974",1,1,0,0,0
"4975",1,0,0,0,NA
"4976",1,1,0,0,0
"4977",0,0,1,0,0
"4978",0,0,0,0,0
"4979",0,1,0,0,0
"4980",0,0,0,0,0
"4981",0,0,0,0,NA
"4982",0,1,0,0,0
"4983",0,0,0,0,0
"4984",1,0,0,0,0
"4985",1,1,0,1,0
"4986",1,0,0,1,0
"4987",1,0,0,0,0
"4988",0,1,0,0,0
"4989",0,0,0,0,1
"4990",1,0,0,0,0
"4991",0,0,0,0,NA
"4992",1,0,0,0,0
"4993",1,1,0,1,0
"4994",1,0,0,0,0
"4995",1,1,0,0,0
"4996",0,0,0,0,0
"4997",1,0,0,0,0
"4998",0,0,0,0,0
"4999",0,0,0,0,NA
"5000",0,0,0,0,0
