"","V1","V2"
"1",27,33
"2",18,42
"3",18,42
"4",24,36
"5",18,42
"6",27,33
"7",27,33
"8",18,42
"9",18,42
"10",24,36
"11",27,33
"12",24,36
"13",27,33
"14",27,33
"15",24,36
"16",24,36
"17",24,36
"18",18,42
"19",18,42
"20",27,33
"21",21,39
"22",18,42
"23",24,36
"24",27,33
"25",18,42
"26",27,33
"27",18,42
"28",27,33
"29",27,33
"30",27,33
"31",27,33
"32",18,42
"33",18,42
"34",27,33
"35",21,39
"36",18,42
"37",21,39
"38",27,33
"39",21,39
"40",21,39
"41",27,33
"42",21,39
"43",27,33
"44",18,42
"45",27,33
"46",18,42
"47",27,33
"48",27,33
"49",18,42
"50",27,33
"51",24,36
"52",18,42
"53",18,42
"54",18,42
"55",27,33
"56",18,42
"57",24,36
"58",18,42
"59",21,39
"60",27,33
"61",27,33
"62",27,33
"63",27,33
"64",27,33
"65",18,42
"66",18,42
"67",27,33
"68",24,36
"69",24,36
"70",18,42
"71",24,36
"72",18,42
"73",18,42
"74",27,33
"75",18,42
"76",24,36
"77",27,33
"78",27,33
"79",18,42
"80",27,33
"81",18,42
"82",24,36
"83",24,36
"84",24,36
"85",24,36
"86",27,33
"87",27,33
"88",21,39
"89",27,33
"90",18,42
"91",27,33
"92",27,33
"93",27,33
"94",24,36
"95",18,42
"96",15,45
"97",24,36
"98",24,36
"99",18,42
"100",27,33
"101",27,33
"102",24,36
"103",21,39
"104",21,39
"105",27,33
"106",24,36
"107",27,33
"108",27,33
"109",18,42
"110",24,36
"111",24,36
"112",18,42
"113",27,33
"114",24,36
"115",21,39
"116",27,33
"117",18,42
"118",18,42
"119",24,36
"120",27,33
"121",21,39
"122",24,36
"123",27,33
"124",24,36
"125",27,33
"126",18,42
"127",27,33
"128",27,33
"129",24,36
"130",24,36
"131",18,42
"132",21,39
"133",27,33
"134",27,33
"135",18,42
"136",24,36
"137",24,36
"138",21,39
"139",21,39
"140",21,39
"141",21,39
"142",21,39
"143",24,36
"144",21,39
"145",18,42
"146",24,36
"147",27,33
"148",24,36
"149",27,33
"150",27,33
"151",24,36
"152",21,39
"153",18,42
"154",27,33
"155",24,36
"156",27,33
"157",21,39
"158",24,36
"159",12,48
"160",27,33
"161",24,36
"162",21,39
"163",21,39
"164",24,36
"165",18,42
"166",27,33
"167",27,33
"168",21,39
"169",27,33
"170",24,36
"171",21,39
"172",18,42
"173",15,45
"174",24,36
"175",18,42
"176",24,36
"177",24,6
"178",27,33
"179",18,42
"180",24,36
"181",27,33
"182",27,33
"183",18,42
"184",18,42
"185",18,42
"186",24,36
"187",27,33
"188",27,33
"189",21,39
"190",18,42
"191",24,36
"192",21,39
"193",24,36
"194",18,42
"195",27,33
"196",27,33
"197",18,42
"198",18,42
"199",21,39
"200",21,39
"201",24,36
"202",27,33
"203",18,42
"204",24,36
"205",18,42
"206",24,36
"207",27,33
"208",21,39
"209",21,39
"210",27,33
"211",24,36
"212",24,36
"213",21,39
"214",27,33
"215",24,36
"216",24,36
"217",27,33
"218",18,42
"219",24,36
"220",24,36
"221",24,36
"222",18,42
"223",21,39
"224",27,33
"225",27,33
"226",18,42
"227",18,42
"228",24,36
"229",24,36
"230",27,33
"231",18,42
"232",27,33
"233",21,39
"234",18,42
"235",27,33
"236",27,33
"237",18,42
"238",27,33
"239",18,42
"240",21,39
"241",24,36
"242",21,39
"243",18,42
"244",27,33
"245",27,33
"246",18,42
"247",24,36
"248",27,33
"249",27,33
"250",18,42
"251",27,33
"252",27,33
"253",24,36
"254",18,42
"255",24,36
"256",27,33
"257",18,42
"258",27,33
"259",24,36
"260",21,39
"261",24,36
"262",24,36
"263",27,33
"264",21,39
"265",18,42
"266",27,33
"267",18,42
"268",24,36
"269",18,42
"270",18,42
"271",21,39
"272",27,33
"273",18,42
"274",27,33
"275",18,42
"276",24,36
"277",18,42
"278",21,39
"279",27,33
"280",27,33
"281",27,33
"282",27,33
"283",27,33
"284",18,42
"285",24,36
"286",27,33
"287",18,42
"288",27,33
"289",27,33
"290",24,36
"291",24,36
"292",18,42
"293",21,39
"294",18,42
"295",27,33
"296",27,33
"297",24,36
"298",24,36
"299",21,39
"300",18,42
"301",27,33
"302",21,39
"303",18,42
"304",27,33
"305",21,39
"306",27,33
"307",21,39
"308",21,39
"309",24,36
"310",27,33
"311",27,33
"312",21,39
"313",18,42
"314",18,42
"315",18,42
"316",27,33
"317",18,42
"318",27,33
"319",27,33
"320",18,42
"321",18,42
"322",24,36
"323",27,33
"324",27,33
"325",24,36
"326",27,33
"327",27,33
"328",24,36
"329",27,33
"330",18,42
"331",24,36
"332",27,33
"333",27,33
"334",21,39
"335",24,36
"336",24,36
"337",24,36
"338",27,33
"339",18,42
"340",24,36
"341",27,33
"342",21,39
"343",27,33
"344",18,42
"345",24,36
"346",18,42
"347",24,36
"348",18,42
"349",27,33
"350",24,36
"351",21,39
"352",24,36
"353",27,33
"354",24,36
"355",24,36
"356",18,42
"357",24,36
"358",27,33
"359",21,39
"360",27,33
"361",27,33
"362",24,36
"363",27,33
"364",24,36
"365",27,33
"366",21,39
"367",24,36
"368",27,33
"369",18,42
"370",27,33
"371",24,36
"372",18,42
"373",24,36
"374",24,36
"375",18,42
"376",27,33
"377",27,33
"378",18,42
"379",21,39
"380",27,33
"381",27,33
"382",18,42
"383",18,42
"384",27,33
"385",27,33
"386",21,39
"387",24,36
"388",27,33
"389",27,33
"390",27,33
"391",27,33
"392",27,33
"393",21,39
"394",21,39
"395",18,42
"396",24,36
"397",27,33
"398",18,42
"399",24,36
"400",21,39
"401",18,42
"402",24,36
"403",21,39
"404",27,33
"405",18,42
"406",27,33
"407",24,36
"408",21,39
"409",27,33
"410",21,39
"411",24,36
"412",24,36
"413",27,33
"414",24,36
"415",21,39
"416",21,39
"417",24,36
"418",18,42
"419",24,36
"420",24,36
"421",27,33
"422",18,42
"423",18,42
"424",24,36
"425",21,39
"426",24,36
"427",24,36
"428",24,36
"429",21,39
"430",27,33
"431",24,36
"432",27,33
"433",18,42
"434",21,39
"435",27,33
"436",18,42
"437",21,39
"438",24,36
"439",21,39
"440",27,33
"441",18,42
"442",18,42
"443",18,42
"444",21,39
"445",18,42
"446",27,33
"447",18,42
"448",24,36
"449",27,33
"450",24,36
"451",18,42
"452",18,42
"453",27,33
"454",24,36
"455",21,39
"456",18,42
"457",27,33
"458",27,33
"459",18,42
"460",27,33
"461",27,33
"462",27,33
"463",27,33
"464",27,33
"465",27,33
"466",24,36
"467",18,42
"468",18,42
"469",24,36
"470",21,39
"471",27,33
"472",18,42
"473",27,33
"474",27,33
"475",18,42
"476",27,33
"477",21,39
"478",21,39
"479",18,42
"480",27,33
"481",27,33
"482",27,33
"483",24,36
"484",24,36
"485",24,36
"486",27,33
"487",21,39
"488",18,42
"489",27,33
"490",27,33
"491",24,36
"492",24,36
"493",12,48
"494",18,42
"495",21,39
"496",27,33
"497",21,39
"498",24,36
"499",18,42
"500",18,42
"501",27,33
"502",24,36
"503",24,36
"504",24,36
"505",18,42
"506",21,39
"507",27,33
"508",18,42
"509",21,39
"510",21,39
"511",24,36
"512",18,42
"513",21,39
"514",21,39
"515",27,33
"516",27,33
"517",27,33
"518",24,36
"519",27,33
"520",27,33
"521",21,39
"522",24,36
"523",27,33
"524",24,36
"525",21,39
"526",18,42
"527",27,33
"528",27,33
"529",27,33
"530",27,33
"531",18,42
"532",24,36
"533",21,39
"534",21,39
"535",27,33
"536",24,36
"537",24,36
"538",21,39
"539",21,39
"540",24,36
"541",24,36
"542",21,39
"543",27,33
"544",24,36
"545",24,36
"546",27,33
"547",27,33
"548",27,33
"549",18,42
"550",27,33
"551",24,36
"552",21,39
"553",27,33
"554",21,39
"555",18,42
"556",27,33
"557",27,33
"558",27,33
"559",18,42
"560",21,39
"561",27,33
"562",27,33
"563",21,39
"564",27,33
"565",21,39
"566",27,33
"567",27,33
"568",18,42
"569",18,42
"570",27,33
"571",27,33
"572",27,33
"573",27,33
"574",27,33
"575",18,42
"576",21,39
"577",24,36
"578",21,39
"579",21,39
"580",27,33
"581",24,36
"582",27,33
"583",21,39
"584",18,42
"585",18,42
"586",27,33
"587",21,39
"588",27,33
"589",18,42
"590",18,42
"591",27,33
"592",18,42
"593",18,42
"594",21,39
"595",24,36
"596",18,42
"597",18,42
"598",18,42
"599",18,42
"600",27,33
"601",27,33
"602",18,42
"603",24,36
"604",27,33
"605",18,42
"606",24,36
"607",27,33
"608",27,33
"609",21,39
"610",27,33
"611",24,36
"612",27,33
"613",24,36
"614",27,33
"615",21,39
"616",27,33
"617",24,36
"618",24,36
"619",27,33
"620",24,36
"621",24,36
"622",18,42
"623",24,36
"624",27,33
"625",18,42
"626",27,33
"627",24,36
"628",27,33
"629",18,42
"630",27,33
"631",21,39
"632",18,42
"633",24,36
"634",27,33
"635",27,33
"636",27,33
"637",18,42
"638",27,33
"639",21,39
"640",18,42
"641",24,36
"642",24,36
"643",24,36
"644",24,36
"645",18,42
"646",27,33
"647",27,33
"648",18,42
"649",27,33
"650",24,36
"651",21,39
"652",21,39
"653",27,33
"654",27,33
"655",21,39
"656",24,36
"657",27,33
"658",18,42
"659",18,42
"660",24,36
"661",27,33
"662",27,33
"663",27,33
"664",27,33
"665",24,36
"666",24,36
"667",27,33
"668",24,36
"669",24,36
"670",27,33
"671",27,33
"672",24,36
"673",24,36
"674",18,42
"675",24,36
"676",27,33
"677",24,36
"678",27,33
"679",21,39
"680",24,36
"681",18,42
"682",18,42
"683",27,33
"684",24,36
"685",27,33
"686",24,36
"687",18,42
"688",24,36
"689",27,33
"690",27,33
"691",27,33
"692",24,36
"693",21,39
"694",21,39
"695",24,36
"696",27,33
"697",18,42
"698",24,36
"699",27,33
"700",18,42
"701",21,39
"702",18,42
"703",18,42
"704",27,33
"705",21,39
"706",27,33
"707",18,42
"708",27,33
"709",27,33
"710",18,42
"711",24,36
"712",24,36
"713",24,36
"714",27,33
"715",12,36
"716",24,36
"717",24,36
"718",18,42
"719",24,36
"720",24,36
"721",21,39
"722",27,33
"723",21,39
"724",18,42
"725",27,33
"726",18,42
"727",21,39
"728",27,33
"729",27,33
"730",18,42
"731",21,39
"732",21,39
"733",27,33
"734",18,42
"735",18,42
"736",21,39
"737",24,36
"738",24,36
"739",27,33
"740",21,39
"741",27,33
"742",27,33
"743",18,42
"744",24,36
"745",27,33
"746",24,36
"747",27,33
"748",24,36
"749",24,36
"750",27,33
"751",27,33
"752",24,36
"753",27,33
"754",27,33
"755",24,36
"756",27,33
"757",21,39
"758",24,36
"759",27,33
"760",18,42
"761",18,42
"762",27,33
"763",24,36
"764",18,42
"765",24,36
"766",27,33
"767",27,33
"768",21,39
"769",24,36
"770",18,42
"771",27,33
"772",18,42
"773",27,33
"774",27,33
"775",27,33
"776",18,42
"777",24,36
"778",18,42
"779",27,33
"780",18,42
"781",18,42
"782",18,42
"783",27,33
"784",18,42
"785",21,39
"786",27,33
"787",24,36
"788",27,33
"789",24,36
"790",27,33
"791",27,33
"792",24,36
"793",18,42
"794",18,42
"795",27,33
"796",27,33
"797",27,33
"798",21,39
"799",27,33
"800",27,33
"801",24,36
"802",27,33
"803",18,42
"804",18,42
"805",27,33
"806",27,33
"807",24,36
"808",18,42
"809",18,42
"810",21,39
"811",24,36
"812",27,33
"813",21,39
"814",24,36
"815",27,33
"816",21,39
"817",24,6
"818",24,36
"819",18,42
"820",18,42
"821",21,39
"822",27,33
"823",18,42
"824",18,42
"825",27,33
"826",18,42
"827",18,42
"828",27,33
"829",27,33
"830",27,33
"831",21,39
"832",18,42
"833",24,36
"834",27,33
"835",27,33
"836",27,33
"837",18,42
"838",27,33
"839",18,42
"840",18,42
"841",27,33
"842",27,33
"843",21,39
"844",18,42
"845",18,42
"846",24,36
"847",27,33
"848",27,33
"849",27,33
"850",24,36
"851",27,33
"852",21,39
"853",27,33
"854",24,36
"855",24,36
"856",21,39
"857",21,39
"858",27,33
"859",27,33
"860",27,33
"861",24,36
"862",21,39
"863",27,33
"864",24,36
"865",27,33
"866",18,42
"867",27,33
"868",21,39
"869",24,36
"870",27,33
"871",27,33
"872",18,42
"873",27,33
"874",21,39
"875",18,42
"876",24,36
"877",18,42
"878",27,33
"879",18,42
"880",27,33
"881",24,36
"882",27,33
"883",27,33
"884",27,33
"885",18,42
"886",27,33
"887",24,36
"888",18,42
"889",21,39
"890",24,36
"891",21,39
"892",27,33
"893",18,42
"894",24,36
"895",21,39
"896",24,36
"897",27,33
"898",27,33
"899",27,33
"900",18,42
"901",24,36
"902",27,33
"903",24,36
"904",18,42
"905",18,42
"906",27,33
"907",21,39
"908",18,42
"909",21,39
"910",27,33
"911",24,36
"912",27,33
"913",27,33
"914",24,36
"915",24,36
"916",21,39
"917",24,36
"918",9,51
"919",24,36
"920",21,39
"921",24,36
"922",27,33
"923",18,42
"924",18,42
"925",24,36
"926",27,33
"927",24,36
"928",27,33
"929",27,33
"930",24,36
"931",27,33
"932",27,33
"933",18,42
"934",18,42
"935",18,42
"936",18,42
"937",21,39
"938",21,39
"939",18,42
"940",24,36
"941",21,39
"942",27,33
"943",24,36
"944",24,36
"945",24,36
"946",24,36
"947",27,33
"948",21,39
"949",24,36
"950",24,36
"951",24,36
"952",27,33
"953",24,36
"954",24,36
"955",24,36
"956",24,36
"957",27,33
"958",21,39
"959",27,33
"960",24,36
"961",27,33
"962",24,36
"963",21,39
"964",27,33
"965",27,33
"966",24,6
"967",27,33
"968",27,33
"969",18,42
"970",24,36
"971",18,42
"972",18,42
"973",27,33
"974",27,33
"975",27,33
"976",27,33
"977",24,36
"978",24,36
"979",24,36
"980",27,33
"981",21,39
"982",27,33
"983",27,33
"984",21,39
"985",21,39
"986",18,42
"987",21,39
"988",24,36
"989",18,42
"990",18,42
"991",24,36
"992",18,42
"993",27,33
"994",24,36
"995",27,33
"996",21,39
"997",27,33
"998",27,33
"999",21,39
"1000",18,42
"1001",24,36
"1002",21,39
"1003",27,33
"1004",24,36
"1005",21,39
"1006",27,33
"1007",24,36
"1008",18,42
"1009",27,33
"1010",27,33
"1011",27,33
"1012",21,39
"1013",27,33
"1014",21,39
"1015",15,45
"1016",27,33
"1017",27,33
"1018",27,33
"1019",21,39
"1020",27,21
"1021",18,42
"1022",24,36
"1023",27,33
"1024",24,36
"1025",27,33
"1026",21,39
"1027",27,33
"1028",21,39
"1029",27,33
"1030",24,36
"1031",27,33
"1032",24,36
"1033",18,42
"1034",27,33
"1035",24,36
"1036",27,33
"1037",24,36
"1038",24,36
"1039",24,36
"1040",27,33
"1041",27,33
"1042",24,36
"1043",27,33
"1044",27,33
"1045",21,39
"1046",24,36
"1047",18,42
"1048",27,33
"1049",18,42
"1050",24,36
"1051",27,33
"1052",18,42
"1053",24,36
"1054",24,36
"1055",18,42
"1056",27,33
"1057",27,33
"1058",24,36
"1059",27,33
"1060",18,42
"1061",18,42
"1062",21,39
"1063",24,36
"1064",27,33
"1065",21,39
"1066",27,33
"1067",18,42
"1068",18,42
"1069",27,33
"1070",27,33
"1071",21,39
"1072",24,36
"1073",21,39
"1074",27,33
"1075",27,33
"1076",24,36
"1077",21,39
"1078",27,33
"1079",18,42
"1080",27,33
"1081",24,36
"1082",18,42
"1083",18,42
"1084",18,42
"1085",27,33
"1086",21,39
"1087",27,33
"1088",27,33
"1089",18,42
"1090",21,39
"1091",21,39
"1092",21,39
"1093",27,33
"1094",27,33
"1095",18,42
"1096",24,36
"1097",27,33
"1098",24,36
"1099",21,39
"1100",27,33
"1101",27,33
"1102",27,33
"1103",27,33
"1104",27,33
"1105",27,33
"1106",24,36
"1107",27,33
"1108",24,36
"1109",27,33
"1110",21,39
"1111",21,39
"1112",27,33
"1113",24,36
"1114",27,33
"1115",27,33
"1116",21,39
"1117",27,33
"1118",24,36
"1119",18,42
"1120",15,45
"1121",24,36
"1122",24,36
"1123",27,33
"1124",27,33
"1125",18,42
"1126",18,42
"1127",27,33
"1128",24,36
"1129",27,33
"1130",21,39
"1131",27,33
"1132",27,33
"1133",18,42
"1134",18,42
"1135",18,42
"1136",27,33
"1137",18,42
"1138",18,42
"1139",27,33
"1140",21,39
"1141",24,36
"1142",27,33
"1143",18,42
"1144",21,39
"1145",24,36
"1146",27,33
"1147",18,42
"1148",21,39
"1149",24,36
"1150",24,36
"1151",27,33
"1152",27,33
"1153",27,33
"1154",24,36
"1155",18,42
"1156",24,36
"1157",27,33
"1158",18,42
"1159",24,36
"1160",27,33
"1161",27,33
"1162",18,42
"1163",27,33
"1164",27,33
"1165",18,42
"1166",18,42
"1167",24,36
"1168",24,36
"1169",21,39
"1170",18,42
"1171",27,33
"1172",18,42
"1173",18,42
"1174",18,42
"1175",24,36
"1176",18,42
"1177",18,42
"1178",24,36
"1179",18,42
"1180",27,33
"1181",24,36
"1182",18,42
"1183",18,42
"1184",21,39
"1185",24,36
"1186",27,33
"1187",24,36
"1188",24,36
"1189",21,39
"1190",24,36
"1191",27,33
"1192",27,33
"1193",18,42
"1194",27,33
"1195",24,36
"1196",18,42
"1197",24,36
"1198",27,33
"1199",24,36
"1200",18,42
"1201",27,33
"1202",24,36
"1203",27,33
"1204",27,33
"1205",27,33
"1206",27,33
"1207",24,36
"1208",21,39
"1209",27,33
"1210",27,33
"1211",21,39
"1212",18,42
"1213",27,33
"1214",27,33
"1215",27,33
"1216",18,42
"1217",21,39
"1218",18,42
"1219",27,33
"1220",18,42
"1221",27,33
"1222",24,36
"1223",24,36
"1224",24,36
"1225",18,42
"1226",18,42
"1227",18,42
"1228",27,33
"1229",24,36
"1230",21,39
"1231",27,33
"1232",21,39
"1233",24,36
"1234",18,42
"1235",27,33
"1236",27,33
"1237",21,39
"1238",24,36
"1239",27,33
"1240",24,36
"1241",21,39
"1242",18,42
"1243",21,39
"1244",27,33
"1245",18,42
"1246",27,33
"1247",24,36
"1248",21,39
"1249",27,33
"1250",24,36
"1251",21,39
"1252",24,36
"1253",21,39
"1254",24,36
"1255",24,36
"1256",27,33
"1257",18,42
"1258",24,36
"1259",24,36
"1260",18,42
"1261",21,39
"1262",27,33
"1263",24,36
"1264",21,39
"1265",21,39
"1266",24,36
"1267",21,39
"1268",24,36
"1269",18,42
"1270",18,42
"1271",24,36
"1272",18,42
"1273",21,39
"1274",24,36
"1275",27,33
"1276",27,33
"1277",18,42
"1278",27,33
"1279",27,33
"1280",18,42
"1281",18,42
"1282",24,36
"1283",21,39
"1284",27,33
"1285",24,36
"1286",24,36
"1287",21,39
"1288",18,42
"1289",18,42
"1290",27,33
"1291",24,36
"1292",24,36
"1293",18,42
"1294",27,33
"1295",27,33
"1296",18,42
"1297",27,33
"1298",27,33
"1299",21,39
"1300",27,33
"1301",27,33
"1302",24,36
"1303",27,33
"1304",27,33
"1305",27,33
"1306",27,33
"1307",27,33
"1308",27,33
"1309",24,36
"1310",27,33
"1311",18,42
"1312",27,33
"1313",27,33
"1314",27,33
"1315",21,39
"1316",24,36
"1317",21,39
"1318",27,33
"1319",27,33
"1320",27,33
"1321",18,42
"1322",24,36
"1323",24,36
"1324",24,36
"1325",24,36
"1326",18,42
"1327",18,42
"1328",27,33
"1329",24,36
"1330",27,33
"1331",27,33
"1332",27,33
"1333",27,33
"1334",21,39
"1335",24,36
"1336",27,33
"1337",27,33
"1338",27,33
"1339",21,39
"1340",27,33
"1341",24,36
"1342",27,33
"1343",27,33
"1344",27,33
"1345",27,33
"1346",18,42
"1347",27,33
"1348",18,42
"1349",21,39
"1350",27,33
"1351",18,42
"1352",24,36
"1353",21,39
"1354",27,33
"1355",18,42
"1356",24,36
"1357",27,33
"1358",27,33
"1359",21,39
"1360",18,42
"1361",27,33
"1362",24,36
"1363",27,33
"1364",21,39
"1365",24,36
"1366",18,42
"1367",24,36
"1368",27,33
"1369",27,33
"1370",27,33
"1371",21,39
"1372",27,33
"1373",27,33
"1374",18,42
"1375",21,39
"1376",18,42
"1377",24,36
"1378",18,42
"1379",27,33
"1380",24,36
"1381",18,42
"1382",21,39
"1383",27,33
"1384",24,36
"1385",24,36
"1386",27,33
"1387",27,33
"1388",18,42
"1389",21,39
"1390",27,33
"1391",12,36
"1392",21,39
"1393",27,33
"1394",21,39
"1395",27,33
"1396",27,33
"1397",18,42
"1398",21,39
"1399",27,33
"1400",24,36
"1401",27,33
"1402",27,33
"1403",21,39
"1404",27,33
"1405",27,33
"1406",18,42
"1407",24,36
"1408",24,36
"1409",27,33
"1410",27,33
"1411",27,33
"1412",24,36
"1413",18,42
"1414",27,33
"1415",24,36
"1416",24,36
"1417",24,36
"1418",24,36
"1419",27,33
"1420",27,33
"1421",18,30
"1422",27,33
"1423",27,33
"1424",21,39
"1425",18,42
"1426",24,36
"1427",24,36
"1428",21,39
"1429",27,33
"1430",27,33
"1431",24,36
"1432",24,36
"1433",27,33
"1434",21,39
"1435",24,36
"1436",24,36
"1437",24,36
"1438",21,39
"1439",27,33
"1440",24,36
"1441",27,33
"1442",24,36
"1443",24,36
"1444",18,42
"1445",27,33
"1446",27,33
"1447",18,42
"1448",21,39
"1449",27,33
"1450",24,36
"1451",27,33
"1452",24,36
"1453",24,36
"1454",24,36
"1455",18,42
"1456",27,33
"1457",18,42
"1458",18,42
"1459",27,33
"1460",27,33
"1461",27,33
"1462",27,33
"1463",24,36
"1464",27,33
"1465",27,33
"1466",24,36
"1467",27,33
"1468",21,39
"1469",18,42
"1470",18,42
"1471",21,39
"1472",18,42
"1473",21,39
"1474",18,42
"1475",18,42
"1476",24,36
"1477",18,42
"1478",21,39
"1479",27,33
"1480",18,42
"1481",21,39
"1482",21,39
"1483",27,33
"1484",24,36
"1485",21,39
"1486",27,33
"1487",24,36
"1488",24,36
"1489",27,33
"1490",18,42
"1491",27,33
"1492",21,39
"1493",27,33
"1494",24,36
"1495",27,33
"1496",24,36
"1497",18,42
"1498",21,39
"1499",21,39
"1500",24,36
"1501",24,36
"1502",27,33
"1503",27,33
"1504",27,33
"1505",18,42
"1506",24,36
"1507",27,33
"1508",21,39
"1509",21,39
"1510",24,36
"1511",27,33
"1512",27,33
"1513",18,42
"1514",18,42
"1515",18,42
"1516",21,39
"1517",27,33
"1518",18,42
"1519",18,42
"1520",24,36
"1521",24,36
"1522",27,33
"1523",21,39
"1524",24,36
"1525",18,42
"1526",24,36
"1527",27,33
"1528",21,39
"1529",27,33
"1530",18,42
"1531",27,33
"1532",24,36
"1533",27,33
"1534",27,33
"1535",24,36
"1536",24,36
"1537",21,39
"1538",21,39
"1539",18,42
"1540",27,33
"1541",21,39
"1542",24,36
"1543",24,36
"1544",27,33
"1545",18,42
"1546",27,33
"1547",27,33
"1548",27,33
"1549",24,36
"1550",18,42
"1551",27,33
"1552",27,33
"1553",12,36
"1554",21,39
"1555",18,42
"1556",18,42
"1557",18,42
"1558",27,33
"1559",24,36
"1560",18,42
"1561",24,36
"1562",18,42
"1563",24,36
"1564",27,33
"1565",27,33
"1566",24,36
"1567",24,36
"1568",27,33
"1569",27,33
"1570",27,33
"1571",18,42
"1572",24,36
"1573",18,42
"1574",24,36
"1575",27,33
"1576",27,33
"1577",18,42
"1578",21,39
"1579",27,33
"1580",18,42
"1581",27,33
"1582",24,36
"1583",27,33
"1584",18,42
"1585",24,36
"1586",21,39
"1587",24,36
"1588",27,33
"1589",18,42
"1590",27,33
"1591",27,33
"1592",27,33
"1593",18,42
"1594",18,42
"1595",24,36
"1596",27,33
"1597",24,36
"1598",21,39
"1599",24,36
"1600",24,36
"1601",18,42
"1602",18,42
"1603",27,33
"1604",18,42
"1605",21,39
"1606",21,39
"1607",21,39
"1608",27,33
"1609",27,33
"1610",24,36
"1611",24,24
"1612",27,33
"1613",27,33
"1614",27,33
"1615",27,33
"1616",27,33
"1617",27,33
"1618",24,36
"1619",27,33
"1620",27,33
"1621",18,42
"1622",18,42
"1623",27,33
"1624",27,33
"1625",24,36
"1626",18,42
"1627",24,36
"1628",24,36
"1629",24,36
"1630",24,36
"1631",18,42
"1632",27,33
"1633",24,36
"1634",27,33
"1635",21,39
"1636",24,36
"1637",18,42
"1638",21,39
"1639",27,33
"1640",27,33
"1641",24,36
"1642",18,42
"1643",21,39
"1644",27,33
"1645",27,33
"1646",24,36
"1647",21,39
"1648",27,33
"1649",18,42
"1650",24,36
"1651",24,36
"1652",21,39
"1653",24,36
"1654",27,33
"1655",24,36
"1656",18,42
"1657",27,33
"1658",27,33
"1659",24,36
"1660",27,33
"1661",27,33
"1662",24,36
"1663",18,42
"1664",24,36
"1665",18,42
"1666",24,36
"1667",27,33
"1668",18,42
"1669",27,33
"1670",27,33
"1671",24,36
"1672",18,42
"1673",27,33
"1674",27,33
"1675",18,42
"1676",24,36
"1677",27,33
"1678",27,33
"1679",24,36
"1680",27,33
"1681",18,42
"1682",24,36
"1683",24,36
"1684",18,42
"1685",18,42
"1686",24,36
"1687",18,42
"1688",18,42
"1689",24,36
"1690",24,36
"1691",27,33
"1692",21,39
"1693",21,39
"1694",27,33
"1695",27,33
"1696",27,33
"1697",24,36
"1698",24,36
"1699",18,42
"1700",24,36
"1701",21,39
"1702",18,42
"1703",21,39
"1704",27,33
"1705",24,36
"1706",21,39
"1707",18,42
"1708",27,33
"1709",27,33
"1710",27,33
"1711",21,39
"1712",27,33
"1713",27,33
"1714",18,42
"1715",27,33
"1716",27,33
"1717",27,33
"1718",27,33
"1719",21,39
"1720",24,36
"1721",24,36
"1722",27,33
"1723",24,36
"1724",27,33
"1725",24,36
"1726",24,36
"1727",21,39
"1728",27,33
"1729",27,33
"1730",24,36
"1731",18,42
"1732",21,39
"1733",27,33
"1734",24,36
"1735",27,33
"1736",27,33
"1737",21,39
"1738",21,39
"1739",24,36
"1740",18,42
"1741",27,33
"1742",21,39
"1743",18,42
"1744",27,33
"1745",27,33
"1746",24,36
"1747",18,42
"1748",27,33
"1749",24,36
"1750",18,42
"1751",24,36
"1752",27,33
"1753",21,39
"1754",27,33
"1755",27,33
"1756",18,42
"1757",18,42
"1758",27,33
"1759",24,36
"1760",18,42
"1761",27,33
"1762",24,36
"1763",18,42
"1764",27,33
"1765",27,33
"1766",27,33
"1767",27,33
"1768",24,36
"1769",27,33
"1770",21,39
"1771",27,33
"1772",27,33
"1773",27,33
"1774",27,33
"1775",24,36
"1776",27,33
"1777",27,33
"1778",21,39
"1779",24,36
"1780",27,33
"1781",24,36
"1782",27,33
"1783",27,33
"1784",21,39
"1785",27,33
"1786",18,42
"1787",21,39
"1788",27,33
"1789",21,39
"1790",21,39
"1791",24,36
"1792",27,33
"1793",27,33
"1794",18,42
"1795",18,42
"1796",27,33
"1797",27,33
"1798",24,36
"1799",27,33
"1800",27,33
"1801",18,42
"1802",24,36
"1803",18,42
"1804",24,36
"1805",27,33
"1806",24,36
"1807",24,36
"1808",27,33
"1809",24,36
"1810",21,39
"1811",18,42
"1812",27,33
"1813",21,39
"1814",24,36
"1815",27,33
"1816",21,39
"1817",27,33
"1818",27,33
"1819",27,33
"1820",27,33
"1821",24,36
"1822",24,36
"1823",24,36
"1824",24,36
"1825",27,33
"1826",18,42
"1827",27,33
"1828",24,36
"1829",24,36
"1830",27,33
"1831",24,36
"1832",18,42
"1833",24,36
"1834",24,36
"1835",18,42
"1836",27,33
"1837",18,42
"1838",27,33
"1839",24,36
"1840",24,36
"1841",27,33
"1842",27,33
"1843",27,33
"1844",27,33
"1845",24,36
"1846",27,33
"1847",27,33
"1848",18,42
"1849",27,33
"1850",18,42
"1851",18,42
"1852",21,39
"1853",27,33
"1854",27,33
"1855",21,39
"1856",18,42
"1857",27,33
"1858",21,39
"1859",27,33
"1860",21,39
"1861",18,42
"1862",18,42
"1863",27,33
"1864",24,36
"1865",18,42
"1866",18,42
"1867",27,33
"1868",27,33
"1869",27,33
"1870",18,42
"1871",27,33
"1872",27,33
"1873",18,42
"1874",27,33
"1875",24,36
"1876",27,33
"1877",18,42
"1878",24,36
"1879",27,33
"1880",27,33
"1881",27,33
"1882",18,42
"1883",24,36
"1884",24,36
"1885",21,39
"1886",18,42
"1887",18,42
"1888",24,36
"1889",27,33
"1890",27,33
"1891",24,36
"1892",24,36
"1893",24,36
"1894",24,36
"1895",27,33
"1896",24,36
"1897",24,36
"1898",27,33
"1899",21,39
"1900",24,36
"1901",18,42
"1902",18,42
"1903",24,36
"1904",18,42
"1905",21,39
"1906",27,33
"1907",18,42
"1908",24,36
"1909",27,33
"1910",27,33
"1911",27,33
"1912",18,42
"1913",18,42
"1914",21,39
"1915",18,42
"1916",27,33
"1917",27,33
"1918",21,39
"1919",18,42
"1920",27,33
"1921",27,33
"1922",27,33
"1923",24,36
"1924",18,42
"1925",27,33
"1926",21,39
"1927",21,39
"1928",27,33
"1929",24,36
"1930",27,33
"1931",27,33
"1932",27,33
"1933",21,39
"1934",21,39
"1935",18,42
"1936",27,33
"1937",18,42
"1938",24,36
"1939",27,33
"1940",18,42
"1941",18,42
"1942",24,36
"1943",27,33
"1944",24,36
"1945",24,36
"1946",18,42
"1947",18,42
"1948",27,33
"1949",27,33
"1950",27,33
"1951",27,33
"1952",18,42
"1953",27,33
"1954",27,33
"1955",27,33
"1956",24,36
"1957",24,36
"1958",21,39
"1959",27,33
"1960",18,42
"1961",18,42
"1962",27,33
"1963",18,42
"1964",24,36
"1965",18,42
"1966",18,42
"1967",24,36
"1968",18,42
"1969",27,33
"1970",24,36
"1971",24,36
"1972",24,36
"1973",24,36
"1974",21,39
"1975",18,42
"1976",18,42
"1977",27,33
"1978",18,42
"1979",27,33
"1980",27,33
"1981",27,33
"1982",24,36
"1983",27,33
"1984",24,36
"1985",27,33
"1986",18,42
"1987",24,36
"1988",18,42
"1989",24,36
"1990",27,33
"1991",18,42
"1992",21,39
"1993",27,33
"1994",18,42
"1995",24,36
"1996",24,36
"1997",27,33
"1998",24,36
"1999",27,33
"2000",24,36
"2001",27,33
"2002",24,36
"2003",21,39
"2004",27,33
"2005",24,36
"2006",27,33
"2007",27,33
"2008",27,33
"2009",21,39
"2010",15,45
"2011",18,42
"2012",24,36
"2013",24,36
"2014",21,39
"2015",27,33
"2016",27,33
"2017",18,42
"2018",27,33
"2019",27,33
"2020",27,33
"2021",21,39
"2022",27,33
"2023",24,36
"2024",18,42
"2025",27,33
"2026",27,33
"2027",27,33
"2028",24,36
"2029",27,33
"2030",27,33
"2031",21,39
"2032",21,39
"2033",27,33
"2034",24,36
"2035",27,33
"2036",18,42
"2037",24,36
"2038",21,39
"2039",24,36
"2040",18,42
"2041",24,36
"2042",27,33
"2043",21,39
"2044",21,39
"2045",18,42
"2046",18,42
"2047",24,36
"2048",24,36
"2049",18,42
"2050",27,33
"2051",27,33
"2052",27,33
"2053",21,39
"2054",18,42
"2055",24,36
"2056",27,33
"2057",27,33
"2058",27,33
"2059",18,42
"2060",24,36
"2061",21,39
"2062",27,33
"2063",27,33
"2064",27,33
"2065",21,39
"2066",18,42
"2067",24,36
"2068",24,36
"2069",24,36
"2070",27,33
"2071",21,39
"2072",21,39
"2073",21,39
"2074",18,42
"2075",27,33
"2076",27,33
"2077",21,39
"2078",27,33
"2079",27,33
"2080",27,33
"2081",27,33
"2082",27,33
"2083",24,36
"2084",18,42
"2085",21,39
"2086",27,33
"2087",24,36
"2088",24,36
"2089",21,39
"2090",27,33
"2091",27,33
"2092",24,36
"2093",18,42
"2094",21,39
"2095",24,36
"2096",21,39
"2097",27,33
"2098",18,42
"2099",24,36
"2100",18,42
"2101",18,42
"2102",18,42
"2103",27,33
"2104",18,42
"2105",18,42
"2106",27,33
"2107",21,39
"2108",27,33
"2109",18,42
"2110",27,33
"2111",18,42
"2112",24,36
"2113",27,33
"2114",18,42
"2115",24,36
"2116",21,39
"2117",27,33
"2118",21,39
"2119",18,42
"2120",18,42
"2121",18,42
"2122",24,36
"2123",27,33
"2124",24,36
"2125",18,42
"2126",27,33
"2127",18,42
"2128",24,36
"2129",27,33
"2130",18,42
"2131",18,42
"2132",24,36
"2133",18,42
"2134",27,33
"2135",27,33
"2136",27,33
"2137",27,33
"2138",27,33
"2139",27,33
"2140",18,42
"2141",18,42
"2142",24,36
"2143",27,33
"2144",24,36
"2145",24,36
"2146",27,33
"2147",27,33
"2148",24,36
"2149",21,39
"2150",27,33
"2151",24,36
"2152",27,33
"2153",27,33
"2154",21,39
"2155",27,33
"2156",27,33
"2157",24,36
"2158",18,42
"2159",27,33
"2160",18,42
"2161",21,39
"2162",21,39
"2163",24,36
"2164",27,33
"2165",24,36
"2166",21,39
"2167",24,36
"2168",21,39
"2169",24,36
"2170",24,36
"2171",21,39
"2172",27,33
"2173",18,42
"2174",27,33
"2175",27,33
"2176",27,33
"2177",27,33
"2178",27,33
"2179",21,39
"2180",27,33
"2181",27,33
"2182",24,36
"2183",27,33
"2184",24,36
"2185",24,36
"2186",27,33
"2187",18,42
"2188",18,42
"2189",21,39
"2190",18,42
"2191",27,33
"2192",27,33
"2193",27,33
"2194",24,36
"2195",21,39
"2196",18,42
"2197",24,36
"2198",18,42
"2199",24,36
"2200",27,33
"2201",27,33
"2202",24,36
"2203",27,33
"2204",24,36
"2205",27,33
"2206",27,33
"2207",27,33
"2208",24,36
"2209",18,42
"2210",27,33
"2211",21,39
"2212",27,33
"2213",21,39
"2214",21,39
"2215",9,51
"2216",24,36
"2217",27,33
"2218",27,33
"2219",21,39
"2220",18,42
"2221",27,33
"2222",21,39
"2223",18,42
"2224",24,36
"2225",24,36
"2226",27,33
"2227",27,33
"2228",18,42
"2229",27,33
"2230",24,36
"2231",24,36
"2232",27,33
"2233",27,33
"2234",27,33
"2235",27,33
"2236",27,33
"2237",27,33
"2238",27,33
"2239",24,36
"2240",24,36
"2241",27,33
"2242",18,42
"2243",27,33
"2244",18,42
"2245",21,39
"2246",27,33
"2247",27,33
"2248",18,42
"2249",27,33
"2250",21,39
"2251",24,36
"2252",24,36
"2253",27,33
"2254",18,42
"2255",27,33
"2256",27,33
"2257",24,36
"2258",27,33
"2259",27,33
"2260",27,33
"2261",24,36
"2262",21,39
"2263",27,33
"2264",18,42
"2265",24,36
"2266",27,33
"2267",27,33
"2268",24,36
"2269",27,33
"2270",27,33
"2271",18,42
"2272",24,36
"2273",24,36
"2274",27,33
"2275",18,42
"2276",18,42
"2277",27,33
"2278",24,36
"2279",18,42
"2280",21,39
"2281",18,42
"2282",21,39
"2283",27,24
"2284",24,36
"2285",21,39
"2286",27,33
"2287",18,42
"2288",27,33
"2289",24,36
"2290",27,33
"2291",21,39
"2292",18,42
"2293",21,39
"2294",24,36
"2295",27,33
"2296",24,36
"2297",24,36
"2298",27,33
"2299",27,33
"2300",24,36
"2301",24,36
"2302",27,33
"2303",27,33
"2304",27,33
"2305",27,33
"2306",27,33
"2307",27,33
"2308",18,42
"2309",27,33
"2310",18,42
"2311",27,33
"2312",21,39
"2313",24,36
"2314",21,39
"2315",27,33
"2316",24,36
"2317",18,42
"2318",27,33
"2319",27,33
"2320",27,33
"2321",27,33
"2322",24,36
"2323",18,42
"2324",24,36
"2325",21,39
"2326",27,33
"2327",27,33
"2328",27,33
"2329",18,42
"2330",18,42
"2331",27,33
"2332",27,33
"2333",21,39
"2334",21,39
"2335",24,36
"2336",18,42
"2337",27,33
"2338",18,42
"2339",24,36
"2340",27,33
"2341",24,36
"2342",21,39
"2343",24,36
"2344",24,36
"2345",21,39
"2346",18,42
"2347",27,33
"2348",27,33
"2349",21,39
"2350",27,33
"2351",21,39
"2352",18,42
"2353",24,36
"2354",18,42
"2355",27,33
"2356",27,33
"2357",21,39
"2358",27,33
"2359",18,42
"2360",21,39
"2361",24,36
"2362",27,33
"2363",21,39
"2364",21,39
"2365",24,36
"2366",24,36
"2367",27,33
"2368",27,33
"2369",18,42
"2370",18,42
"2371",27,33
"2372",27,33
"2373",24,36
"2374",24,36
"2375",18,42
"2376",27,33
"2377",27,33
"2378",27,33
"2379",24,36
"2380",24,36
"2381",18,42
"2382",21,39
"2383",24,36
"2384",21,39
"2385",27,33
"2386",24,36
"2387",18,42
"2388",21,39
"2389",27,33
"2390",27,33
"2391",27,33
"2392",27,33
"2393",18,42
"2394",18,42
"2395",18,42
"2396",21,39
"2397",27,33
"2398",21,39
"2399",24,36
"2400",27,33
"2401",21,39
"2402",27,33
"2403",27,33
"2404",21,39
"2405",18,42
"2406",27,33
"2407",24,36
"2408",27,33
"2409",18,42
"2410",27,33
"2411",27,33
"2412",27,33
"2413",18,42
"2414",18,42
"2415",18,42
"2416",27,33
"2417",27,33
"2418",24,36
"2419",24,36
"2420",21,39
"2421",18,42
"2422",24,36
"2423",21,39
"2424",24,36
"2425",18,42
"2426",21,39
"2427",24,36
"2428",18,42
"2429",27,33
"2430",24,36
"2431",24,36
"2432",18,42
"2433",24,36
"2434",18,42
"2435",24,36
"2436",18,42
"2437",24,36
"2438",27,33
"2439",18,42
"2440",27,33
"2441",27,33
"2442",18,42
"2443",24,36
"2444",27,33
"2445",18,42
"2446",27,33
"2447",27,33
"2448",27,33
"2449",27,33
"2450",24,36
"2451",27,33
"2452",24,36
"2453",18,42
"2454",18,42
"2455",24,36
"2456",27,33
"2457",27,33
"2458",18,42
"2459",27,33
"2460",27,33
"2461",24,36
"2462",24,36
"2463",21,39
"2464",24,36
"2465",18,42
"2466",27,33
"2467",18,42
"2468",27,33
"2469",27,33
"2470",24,36
"2471",24,36
"2472",21,30
"2473",24,36
"2474",21,39
"2475",27,33
"2476",27,33
"2477",18,42
"2478",18,42
"2479",24,36
"2480",21,39
"2481",27,33
"2482",24,36
"2483",18,42
"2484",27,33
"2485",27,33
"2486",27,33
"2487",24,36
"2488",24,36
"2489",27,33
"2490",24,36
"2491",21,39
"2492",27,33
"2493",24,36
"2494",27,33
"2495",18,42
"2496",27,33
"2497",27,33
"2498",18,42
"2499",21,39
"2500",18,42
"2501",18,42
"2502",27,33
"2503",27,33
"2504",27,33
"2505",21,39
"2506",21,39
"2507",27,33
"2508",27,33
"2509",18,42
"2510",18,42
"2511",24,36
"2512",21,39
"2513",27,33
"2514",18,42
"2515",18,42
"2516",27,33
"2517",18,42
"2518",12,18
"2519",27,33
"2520",18,42
"2521",21,39
"2522",27,33
"2523",24,36
"2524",18,42
"2525",21,39
"2526",27,33
"2527",27,33
"2528",21,39
"2529",24,36
"2530",27,33
"2531",18,42
"2532",27,33
"2533",24,36
"2534",18,42
"2535",21,39
"2536",24,36
"2537",18,42
"2538",21,39
"2539",18,42
"2540",24,36
"2541",21,39
"2542",24,36
"2543",24,36
"2544",24,36
"2545",24,36
"2546",27,33
"2547",18,42
"2548",18,42
"2549",24,6
"2550",21,39
"2551",27,33
"2552",27,33
"2553",24,36
"2554",21,39
"2555",27,33
"2556",24,36
"2557",24,36
"2558",27,33
"2559",18,42
"2560",24,36
"2561",18,42
"2562",18,42
"2563",18,42
"2564",27,33
"2565",27,33
"2566",18,42
"2567",18,42
"2568",24,36
"2569",27,33
"2570",24,36
"2571",27,33
"2572",24,36
"2573",27,33
"2574",24,36
"2575",21,39
"2576",24,36
"2577",24,36
"2578",24,36
"2579",18,42
"2580",24,36
"2581",9,51
"2582",27,33
"2583",24,36
"2584",18,42
"2585",18,42
"2586",27,33
"2587",18,42
"2588",27,33
"2589",18,42
"2590",27,33
"2591",27,33
"2592",18,42
"2593",24,36
"2594",27,33
"2595",24,36
"2596",21,39
"2597",27,33
"2598",21,39
"2599",18,42
"2600",18,42
"2601",18,42
"2602",18,42
"2603",18,42
"2604",27,33
"2605",27,33
"2606",18,42
"2607",27,33
"2608",21,39
"2609",27,33
"2610",27,33
"2611",27,33
"2612",27,33
"2613",27,33
"2614",24,36
"2615",27,33
"2616",18,42
"2617",27,33
"2618",18,42
"2619",27,33
"2620",24,36
"2621",27,33
"2622",27,33
"2623",21,39
"2624",27,33
"2625",24,36
"2626",18,42
"2627",21,39
"2628",21,39
"2629",21,39
"2630",27,33
"2631",21,39
"2632",24,36
"2633",24,36
"2634",18,42
"2635",18,42
"2636",27,33
"2637",18,42
"2638",18,42
"2639",24,36
"2640",24,36
"2641",24,36
"2642",18,42
"2643",24,36
"2644",18,42
"2645",24,36
"2646",18,42
"2647",27,33
"2648",27,33
"2649",18,42
"2650",24,36
"2651",27,33
"2652",24,36
"2653",24,36
"2654",27,33
"2655",18,42
"2656",18,42
"2657",27,33
"2658",18,42
"2659",27,33
"2660",24,36
"2661",21,39
"2662",18,42
"2663",18,42
"2664",27,33
"2665",18,42
"2666",27,33
"2667",18,42
"2668",24,36
"2669",18,42
"2670",24,36
"2671",27,33
"2672",27,33
"2673",24,36
"2674",24,36
"2675",18,42
"2676",27,33
"2677",18,42
"2678",24,36
"2679",27,33
"2680",24,36
"2681",27,33
"2682",27,33
"2683",27,33
"2684",27,33
"2685",24,36
"2686",27,33
"2687",24,36
"2688",27,33
"2689",27,33
"2690",27,33
"2691",18,42
"2692",24,36
"2693",27,33
"2694",27,33
"2695",24,36
"2696",21,39
"2697",18,42
"2698",24,36
"2699",24,36
"2700",24,36
"2701",18,42
"2702",18,42
"2703",27,33
"2704",27,33
"2705",27,33
"2706",21,39
"2707",27,33
"2708",24,36
"2709",18,42
"2710",27,33
"2711",18,42
"2712",24,36
"2713",27,33
"2714",27,33
"2715",27,33
"2716",27,33
"2717",21,39
"2718",24,36
"2719",27,33
"2720",21,39
"2721",27,33
"2722",24,36
"2723",27,33
"2724",18,42
"2725",18,42
"2726",27,33
"2727",18,42
"2728",27,33
"2729",24,36
"2730",27,33
"2731",27,33
"2732",27,33
"2733",18,42
"2734",27,33
"2735",27,33
"2736",24,36
"2737",27,33
"2738",27,33
"2739",24,36
"2740",27,33
"2741",27,33
"2742",24,36
"2743",27,33
"2744",24,36
"2745",24,36
"2746",27,33
"2747",27,33
"2748",18,42
"2749",27,33
"2750",27,33
"2751",18,42
"2752",27,33
"2753",27,33
"2754",27,33
"2755",27,33
"2756",18,42
"2757",27,33
"2758",21,39
"2759",27,33
"2760",27,33
"2761",27,33
"2762",27,33
"2763",21,39
"2764",27,33
"2765",18,42
"2766",27,33
"2767",18,42
"2768",27,33
"2769",27,33
"2770",27,33
"2771",24,36
"2772",27,33
"2773",24,36
"2774",21,39
"2775",24,36
"2776",21,39
"2777",24,36
"2778",18,42
"2779",27,33
"2780",27,33
"2781",18,42
"2782",18,42
"2783",18,42
"2784",18,42
"2785",18,42
"2786",18,42
"2787",18,42
"2788",21,39
"2789",21,39
"2790",24,36
"2791",18,42
"2792",18,42
"2793",24,36
"2794",24,36
"2795",27,33
"2796",27,33
"2797",18,42
"2798",27,33
"2799",27,33
"2800",18,42
"2801",18,42
"2802",27,33
"2803",18,42
"2804",27,33
"2805",27,33
"2806",18,42
"2807",27,33
"2808",27,33
"2809",18,42
"2810",18,42
"2811",24,36
"2812",24,36
"2813",21,39
"2814",24,36
"2815",21,39
"2816",18,42
"2817",27,33
"2818",21,39
"2819",24,36
"2820",21,39
"2821",27,33
"2822",18,42
"2823",21,39
"2824",27,33
"2825",21,39
"2826",27,33
"2827",27,33
"2828",27,33
"2829",27,33
"2830",24,36
"2831",21,39
"2832",27,33
"2833",27,33
"2834",27,33
"2835",18,42
"2836",21,39
"2837",21,39
"2838",27,33
"2839",27,33
"2840",18,42
"2841",24,36
"2842",27,33
"2843",21,39
"2844",27,33
"2845",27,33
"2846",27,33
"2847",21,39
"2848",24,36
"2849",21,39
"2850",24,36
"2851",27,33
"2852",24,36
"2853",27,33
"2854",18,42
"2855",18,42
"2856",21,39
"2857",21,39
"2858",27,33
"2859",24,36
"2860",18,42
"2861",27,33
"2862",21,39
"2863",27,33
"2864",24,36
"2865",24,36
"2866",21,39
"2867",21,39
"2868",24,36
"2869",24,36
"2870",18,42
"2871",27,33
"2872",21,39
"2873",21,39
"2874",21,39
"2875",27,33
"2876",24,36
"2877",18,42
"2878",24,36
"2879",27,33
"2880",27,33
"2881",27,33
"2882",27,33
"2883",21,39
"2884",24,36
"2885",27,33
"2886",27,33
"2887",27,33
"2888",21,39
"2889",27,33
"2890",27,33
"2891",27,33
"2892",24,36
"2893",24,36
"2894",24,36
"2895",27,33
"2896",24,36
"2897",24,24
"2898",18,42
"2899",27,33
"2900",18,42
"2901",27,33
"2902",18,42
"2903",21,39
"2904",27,33
"2905",21,39
"2906",27,33
"2907",18,42
"2908",24,36
"2909",24,36
"2910",21,39
"2911",27,33
"2912",27,33
"2913",24,36
"2914",27,33
"2915",18,42
"2916",24,36
"2917",24,36
"2918",21,39
"2919",21,39
"2920",18,42
"2921",21,39
"2922",27,33
"2923",18,42
"2924",21,39
"2925",27,33
"2926",24,36
"2927",18,42
"2928",27,33
"2929",21,39
"2930",27,33
"2931",18,42
"2932",18,42
"2933",24,36
"2934",27,33
"2935",27,33
"2936",18,42
"2937",18,42
"2938",27,33
"2939",18,42
"2940",27,33
"2941",18,42
"2942",27,33
"2943",24,36
"2944",27,33
"2945",27,33
"2946",18,42
"2947",27,33
"2948",24,36
"2949",21,39
"2950",27,33
"2951",18,42
"2952",24,36
"2953",27,33
"2954",27,33
"2955",27,33
"2956",21,39
"2957",18,42
"2958",24,36
"2959",27,33
"2960",24,36
"2961",24,36
"2962",24,36
"2963",24,36
"2964",21,39
"2965",18,42
"2966",27,33
"2967",21,39
"2968",27,33
"2969",27,33
"2970",21,39
"2971",24,36
"2972",27,33
"2973",24,36
"2974",21,39
"2975",21,39
"2976",27,33
"2977",27,33
"2978",27,33
"2979",27,33
"2980",24,36
"2981",24,36
"2982",21,39
"2983",27,33
"2984",18,42
"2985",27,33
"2986",18,42
"2987",27,33
"2988",24,36
"2989",24,36
"2990",27,33
"2991",18,42
"2992",24,36
"2993",24,36
"2994",21,39
"2995",18,42
"2996",24,36
"2997",18,42
"2998",24,36
"2999",27,33
"3000",21,39
"3001",18,42
"3002",24,36
"3003",24,36
"3004",24,36
"3005",24,36
"3006",24,36
"3007",21,39
"3008",18,42
"3009",27,33
"3010",24,36
"3011",27,33
"3012",27,33
"3013",27,33
"3014",27,33
"3015",18,42
"3016",21,39
"3017",27,33
"3018",9,51
"3019",27,33
"3020",21,39
"3021",27,33
"3022",24,36
"3023",27,33
"3024",27,33
"3025",24,36
"3026",24,36
"3027",18,42
"3028",24,36
"3029",27,33
"3030",27,33
"3031",27,33
"3032",27,33
"3033",27,33
"3034",27,33
"3035",27,33
"3036",18,42
"3037",27,33
"3038",24,36
"3039",27,33
"3040",24,36
"3041",21,39
"3042",27,33
"3043",21,39
"3044",18,42
"3045",27,33
"3046",18,42
"3047",27,33
"3048",21,39
"3049",27,33
"3050",24,36
"3051",24,36
"3052",18,42
"3053",18,42
"3054",21,39
"3055",24,36
"3056",21,39
"3057",24,36
"3058",27,33
"3059",27,33
"3060",24,36
"3061",27,33
"3062",21,39
"3063",27,33
"3064",27,33
"3065",21,39
"3066",27,33
"3067",24,36
"3068",21,39
"3069",24,36
"3070",27,33
"3071",27,33
"3072",18,42
"3073",24,36
"3074",21,39
"3075",21,39
"3076",27,33
"3077",18,42
"3078",18,42
"3079",21,39
"3080",18,42
"3081",18,42
"3082",27,33
"3083",21,39
"3084",18,42
"3085",24,36
"3086",24,36
"3087",24,36
"3088",18,42
"3089",27,33
"3090",18,42
"3091",18,42
"3092",27,33
"3093",18,42
"3094",27,33
"3095",18,42
"3096",27,33
"3097",18,42
"3098",18,42
"3099",24,36
"3100",27,33
"3101",18,42
"3102",24,36
"3103",27,33
"3104",27,33
"3105",27,33
"3106",21,39
"3107",27,33
"3108",21,39
"3109",27,33
"3110",27,33
"3111",27,33
"3112",27,33
"3113",27,33
"3114",21,39
"3115",24,36
"3116",27,33
"3117",24,36
"3118",27,33
"3119",18,42
"3120",24,36
"3121",18,42
"3122",27,33
"3123",27,33
"3124",21,39
"3125",27,33
"3126",18,42
"3127",27,33
"3128",18,42
"3129",18,42
"3130",24,36
"3131",21,39
"3132",24,36
"3133",27,33
"3134",18,42
"3135",18,42
"3136",27,33
"3137",24,36
"3138",21,39
"3139",27,33
"3140",27,33
"3141",24,36
"3142",27,33
"3143",24,36
"3144",24,36
"3145",27,33
"3146",18,42
"3147",27,33
"3148",21,39
"3149",21,39
"3150",21,39
"3151",18,42
"3152",12,36
"3153",24,36
"3154",27,33
"3155",24,36
"3156",24,36
"3157",24,36
"3158",21,39
"3159",24,36
"3160",24,36
"3161",24,36
"3162",27,33
"3163",18,42
"3164",18,42
"3165",18,42
"3166",27,33
"3167",27,33
"3168",18,42
"3169",27,33
"3170",27,33
"3171",24,36
"3172",27,33
"3173",27,33
"3174",21,39
"3175",24,36
"3176",27,33
"3177",27,33
"3178",21,39
"3179",27,33
"3180",27,33
"3181",27,33
"3182",21,39
"3183",27,33
"3184",21,39
"3185",27,33
"3186",24,36
"3187",27,33
"3188",24,36
"3189",27,33
"3190",27,33
"3191",27,33
"3192",18,42
"3193",21,39
"3194",21,39
"3195",21,39
"3196",18,42
"3197",18,42
"3198",21,39
"3199",27,33
"3200",21,39
"3201",24,36
"3202",27,33
"3203",18,42
"3204",24,36
"3205",18,42
"3206",18,42
"3207",24,36
"3208",24,36
"3209",27,33
"3210",27,33
"3211",27,33
"3212",21,39
"3213",21,39
"3214",21,39
"3215",21,39
"3216",27,33
"3217",27,33
"3218",24,36
"3219",24,36
"3220",24,36
"3221",18,42
"3222",18,42
"3223",27,33
"3224",21,39
"3225",27,33
"3226",27,33
"3227",27,33
"3228",18,42
"3229",18,42
"3230",27,33
"3231",24,36
"3232",27,33
"3233",27,33
"3234",21,39
"3235",21,39
"3236",21,39
"3237",27,33
"3238",21,39
"3239",21,39
"3240",27,33
"3241",24,6
"3242",18,42
"3243",18,42
"3244",27,33
"3245",27,33
"3246",27,33
"3247",24,36
"3248",21,39
"3249",24,36
"3250",21,39
"3251",24,36
"3252",21,39
"3253",27,33
"3254",24,36
"3255",27,33
"3256",18,42
"3257",21,39
"3258",27,33
"3259",24,36
"3260",21,39
"3261",27,33
"3262",27,33
"3263",21,39
"3264",27,33
"3265",18,42
"3266",27,33
"3267",27,33
"3268",27,33
"3269",27,33
"3270",21,39
"3271",21,39
"3272",27,33
"3273",18,42
"3274",24,36
"3275",21,39
"3276",18,42
"3277",18,42
"3278",27,33
"3279",27,33
"3280",24,36
"3281",24,36
"3282",21,39
"3283",21,39
"3284",18,42
"3285",27,33
"3286",27,33
"3287",21,39
"3288",27,33
"3289",27,33
"3290",21,39
"3291",18,42
"3292",27,33
"3293",27,33
"3294",18,42
"3295",18,42
"3296",27,33
"3297",18,42
"3298",18,42
"3299",24,36
"3300",24,36
"3301",24,36
"3302",21,39
"3303",24,36
"3304",24,36
"3305",27,33
"3306",15,45
"3307",27,33
"3308",27,33
"3309",27,33
"3310",18,42
"3311",18,42
"3312",18,42
"3313",27,33
"3314",18,42
"3315",18,42
"3316",24,36
"3317",27,33
"3318",18,42
"3319",27,33
"3320",27,33
"3321",21,39
"3322",27,33
"3323",27,33
"3324",27,33
"3325",27,33
"3326",24,36
"3327",27,33
"3328",27,33
"3329",21,39
"3330",27,33
"3331",24,36
"3332",18,42
"3333",27,33
"3334",27,33
"3335",24,36
"3336",18,42
"3337",27,33
"3338",24,36
"3339",24,36
"3340",18,42
"3341",24,36
"3342",27,33
"3343",18,42
"3344",21,39
"3345",27,33
"3346",21,39
"3347",27,33
"3348",27,33
"3349",27,33
"3350",21,39
"3351",27,33
"3352",21,39
"3353",18,42
"3354",24,36
"3355",18,42
"3356",21,39
"3357",24,36
"3358",27,33
"3359",24,36
"3360",24,36
"3361",24,36
"3362",18,42
"3363",27,33
"3364",27,33
"3365",21,39
"3366",18,42
"3367",27,33
"3368",24,36
"3369",24,36
"3370",24,36
"3371",24,36
"3372",27,33
"3373",21,39
"3374",18,42
"3375",24,36
"3376",24,36
"3377",18,42
"3378",24,36
"3379",27,33
"3380",27,33
"3381",27,33
"3382",21,39
"3383",27,33
"3384",21,39
"3385",27,33
"3386",21,39
"3387",24,36
"3388",27,33
"3389",18,42
"3390",21,39
"3391",24,36
"3392",27,33
"3393",27,33
"3394",27,33
"3395",24,36
"3396",18,42
"3397",18,42
"3398",27,33
"3399",21,39
"3400",18,42
"3401",24,36
"3402",24,36
"3403",21,39
"3404",18,42
"3405",21,39
"3406",27,33
"3407",27,33
"3408",27,33
"3409",24,36
"3410",18,42
"3411",27,33
"3412",27,33
"3413",18,42
"3414",24,36
"3415",18,42
"3416",24,36
"3417",18,42
"3418",21,39
"3419",27,33
"3420",18,42
"3421",27,33
"3422",24,36
"3423",18,42
"3424",24,36
"3425",18,42
"3426",18,42
"3427",24,36
"3428",18,42
"3429",27,33
"3430",27,33
"3431",27,33
"3432",24,36
"3433",24,36
"3434",18,42
"3435",24,36
"3436",27,33
"3437",18,42
"3438",18,42
"3439",18,42
"3440",24,36
"3441",27,33
"3442",27,33
"3443",24,36
"3444",24,36
"3445",18,42
"3446",21,39
"3447",27,33
"3448",18,42
"3449",24,36
"3450",27,33
"3451",27,33
"3452",24,36
"3453",27,33
"3454",21,39
"3455",27,33
"3456",24,36
"3457",18,42
"3458",24,36
"3459",24,36
"3460",27,33
"3461",27,33
"3462",27,33
"3463",27,33
"3464",18,42
"3465",18,42
"3466",27,33
"3467",27,33
"3468",18,42
"3469",18,42
"3470",21,39
"3471",27,33
"3472",18,42
"3473",24,36
"3474",24,36
"3475",24,36
"3476",21,39
"3477",18,42
"3478",27,33
"3479",27,33
"3480",18,42
"3481",21,39
"3482",24,36
"3483",27,33
"3484",27,33
"3485",18,42
"3486",27,33
"3487",24,36
"3488",27,33
"3489",21,39
"3490",27,33
"3491",27,33
"3492",27,33
"3493",27,33
"3494",18,42
"3495",18,12
"3496",27,33
"3497",27,33
"3498",18,42
"3499",24,36
"3500",27,33
"3501",27,33
"3502",18,42
"3503",24,36
"3504",21,39
"3505",27,33
"3506",18,42
"3507",27,33
"3508",27,33
"3509",24,36
"3510",18,42
"3511",27,33
"3512",18,42
"3513",24,36
"3514",27,33
"3515",27,33
"3516",18,42
"3517",18,42
"3518",18,42
"3519",24,36
"3520",27,33
"3521",18,42
"3522",18,42
"3523",27,33
"3524",27,33
"3525",18,42
"3526",27,33
"3527",18,42
"3528",27,33
"3529",27,33
"3530",27,33
"3531",21,39
"3532",21,39
"3533",27,33
"3534",27,33
"3535",18,42
"3536",18,42
"3537",27,33
"3538",24,36
"3539",18,42
"3540",21,39
"3541",27,33
"3542",18,42
"3543",24,36
"3544",21,39
"3545",27,33
"3546",27,33
"3547",27,33
"3548",18,42
"3549",18,42
"3550",27,33
"3551",27,33
"3552",24,36
"3553",21,39
"3554",24,36
"3555",27,33
"3556",27,33
"3557",24,36
"3558",24,36
"3559",24,36
"3560",27,33
"3561",27,33
"3562",24,36
"3563",21,39
"3564",27,33
"3565",27,33
"3566",27,33
"3567",27,33
"3568",27,33
"3569",24,36
"3570",24,36
"3571",18,42
"3572",21,39
"3573",18,42
"3574",21,39
"3575",27,33
"3576",18,42
"3577",24,36
"3578",21,39
"3579",21,39
"3580",18,42
"3581",24,36
"3582",24,36
"3583",24,36
"3584",27,33
"3585",27,33
"3586",27,33
"3587",18,42
"3588",18,42
"3589",24,36
"3590",27,33
"3591",27,33
"3592",18,42
"3593",27,33
"3594",21,39
"3595",27,33
"3596",27,33
"3597",27,33
"3598",21,39
"3599",18,42
"3600",27,33
"3601",27,33
"3602",24,36
"3603",27,33
"3604",24,36
"3605",24,36
"3606",21,39
"3607",18,42
"3608",27,33
"3609",24,36
"3610",27,33
"3611",27,33
"3612",18,42
"3613",27,33
"3614",27,33
"3615",24,36
"3616",21,39
"3617",27,33
"3618",27,33
"3619",27,33
"3620",24,36
"3621",21,39
"3622",27,33
"3623",21,39
"3624",27,33
"3625",18,42
"3626",24,36
"3627",18,42
"3628",27,33
"3629",27,33
"3630",21,39
"3631",27,33
"3632",24,36
"3633",18,42
"3634",24,36
"3635",18,42
"3636",24,36
"3637",21,39
"3638",21,39
"3639",24,36
"3640",27,33
"3641",18,42
"3642",27,33
"3643",24,36
"3644",18,42
"3645",21,39
"3646",24,36
"3647",27,33
"3648",24,36
"3649",24,36
"3650",24,36
"3651",27,33
"3652",21,39
"3653",24,36
"3654",18,42
"3655",24,36
"3656",27,33
"3657",18,42
"3658",27,33
"3659",27,33
"3660",27,33
"3661",21,39
"3662",18,42
"3663",24,36
"3664",24,36
"3665",27,33
"3666",27,33
"3667",27,33
"3668",24,36
"3669",18,42
"3670",18,42
"3671",27,33
"3672",27,33
"3673",18,42
"3674",24,36
"3675",27,33
"3676",27,33
"3677",27,33
"3678",24,36
"3679",24,36
"3680",21,39
"3681",24,36
"3682",27,33
"3683",18,42
"3684",24,36
"3685",21,39
"3686",27,33
"3687",24,36
"3688",24,36
"3689",27,33
"3690",24,36
"3691",18,42
"3692",21,39
"3693",27,33
"3694",27,33
"3695",18,42
"3696",18,42
"3697",21,39
"3698",18,42
"3699",27,33
"3700",27,33
"3701",27,33
"3702",27,33
"3703",24,36
"3704",21,39
"3705",27,33
"3706",18,42
"3707",24,36
"3708",24,36
"3709",18,42
"3710",27,33
"3711",24,36
"3712",27,33
"3713",21,39
"3714",18,42
"3715",21,39
"3716",27,33
"3717",24,36
"3718",27,33
"3719",27,33
"3720",24,36
"3721",24,36
"3722",27,33
"3723",27,33
"3724",24,36
"3725",27,33
"3726",18,42
"3727",18,42
"3728",27,33
"3729",24,36
"3730",24,36
"3731",27,33
"3732",18,42
"3733",27,33
"3734",24,36
"3735",24,36
"3736",27,33
"3737",21,39
"3738",18,42
"3739",27,33
"3740",21,39
"3741",18,42
"3742",24,36
"3743",27,33
"3744",21,39
"3745",27,33
"3746",18,42
"3747",27,33
"3748",27,33
"3749",18,42
"3750",27,33
"3751",18,42
"3752",21,39
"3753",18,42
"3754",27,33
"3755",18,42
"3756",27,33
"3757",27,33
"3758",27,33
"3759",21,39
"3760",18,42
"3761",21,39
"3762",27,33
"3763",21,39
"3764",24,36
"3765",24,36
"3766",24,36
"3767",27,33
"3768",24,36
"3769",21,39
"3770",21,39
"3771",18,42
"3772",27,33
"3773",24,36
"3774",18,42
"3775",21,39
"3776",24,36
"3777",21,39
"3778",24,36
"3779",27,33
"3780",18,42
"3781",18,42
"3782",18,42
"3783",27,33
"3784",27,33
"3785",24,36
"3786",21,39
"3787",24,36
"3788",21,39
"3789",27,33
"3790",24,36
"3791",27,33
"3792",21,39
"3793",21,39
"3794",27,33
"3795",27,33
"3796",27,33
"3797",24,36
"3798",27,33
"3799",27,33
"3800",24,36
"3801",24,36
"3802",27,33
"3803",21,39
"3804",27,33
"3805",18,42
"3806",27,33
"3807",21,39
"3808",27,33
"3809",27,33
"3810",27,33
"3811",18,42
"3812",27,33
"3813",27,33
"3814",27,33
"3815",27,33
"3816",24,36
"3817",27,33
"3818",24,36
"3819",27,33
"3820",27,33
"3821",18,42
"3822",18,42
"3823",24,36
"3824",21,39
"3825",18,42
"3826",27,33
"3827",27,33
"3828",27,33
"3829",24,36
"3830",24,36
"3831",27,33
"3832",21,39
"3833",27,33
"3834",27,33
"3835",18,42
"3836",21,39
"3837",27,33
"3838",27,33
"3839",27,33
"3840",27,33
"3841",27,33
"3842",18,42
"3843",27,33
"3844",18,42
"3845",27,33
"3846",18,42
"3847",21,39
"3848",27,33
"3849",24,36
"3850",27,33
"3851",21,39
"3852",18,42
"3853",27,33
"3854",24,36
"3855",24,36
"3856",27,33
"3857",27,33
"3858",27,33
"3859",21,39
"3860",24,36
"3861",18,42
"3862",18,42
"3863",18,42
"3864",18,42
"3865",27,33
"3866",18,42
"3867",27,33
"3868",21,39
"3869",21,39
"3870",27,33
"3871",18,42
"3872",27,33
"3873",21,39
"3874",27,33
"3875",27,33
"3876",18,42
"3877",27,33
"3878",27,33
"3879",27,33
"3880",27,33
"3881",27,33
"3882",27,33
"3883",21,39
"3884",18,42
"3885",27,33
"3886",24,36
"3887",21,39
"3888",24,36
"3889",27,33
"3890",21,39
"3891",18,42
"3892",18,42
"3893",24,36
"3894",21,39
"3895",21,39
"3896",18,42
"3897",18,42
"3898",27,33
"3899",27,33
"3900",18,42
"3901",27,33
"3902",24,36
"3903",24,36
"3904",21,39
"3905",24,36
"3906",24,36
"3907",27,33
"3908",21,39
"3909",18,42
"3910",27,33
"3911",24,36
"3912",18,42
"3913",24,36
"3914",27,33
"3915",18,42
"3916",21,39
"3917",27,33
"3918",27,33
"3919",18,42
"3920",18,42
"3921",21,39
"3922",27,33
"3923",24,36
"3924",24,36
"3925",18,42
"3926",24,36
"3927",24,36
"3928",27,33
"3929",18,30
"3930",21,39
"3931",24,36
"3932",21,39
"3933",21,39
"3934",27,33
"3935",27,33
"3936",27,33
"3937",27,33
"3938",24,36
"3939",21,39
"3940",24,36
"3941",18,42
"3942",24,36
"3943",27,33
"3944",27,33
"3945",21,39
"3946",27,33
"3947",24,36
"3948",27,33
"3949",27,33
"3950",21,39
"3951",21,39
"3952",21,39
"3953",27,33
"3954",27,33
"3955",24,36
"3956",21,39
"3957",27,33
"3958",24,36
"3959",27,33
"3960",27,33
"3961",27,33
"3962",27,33
"3963",24,36
"3964",27,33
"3965",24,36
"3966",27,33
"3967",27,33
"3968",27,33
"3969",27,33
"3970",27,33
"3971",27,33
"3972",24,36
"3973",18,42
"3974",27,33
"3975",27,33
"3976",27,33
"3977",27,33
"3978",18,42
"3979",24,36
"3980",27,33
"3981",21,39
"3982",27,33
"3983",21,39
"3984",18,42
"3985",21,39
"3986",24,36
"3987",27,33
"3988",27,33
"3989",27,33
"3990",27,33
"3991",18,42
"3992",18,42
"3993",21,39
"3994",27,33
"3995",27,33
"3996",21,39
"3997",24,36
"3998",27,33
"3999",27,33
"4000",24,36
"4001",24,36
"4002",27,33
"4003",18,42
"4004",27,33
"4005",27,33
"4006",24,36
"4007",24,36
"4008",21,39
"4009",24,36
"4010",24,36
"4011",24,36
"4012",27,33
"4013",24,36
"4014",27,33
"4015",21,39
"4016",27,33
"4017",18,42
"4018",18,42
"4019",27,33
"4020",27,33
"4021",24,36
"4022",21,39
"4023",27,33
"4024",27,33
"4025",18,42
"4026",24,36
"4027",21,39
"4028",27,33
"4029",18,42
"4030",24,36
"4031",18,42
"4032",21,39
"4033",21,39
"4034",18,42
"4035",27,33
"4036",24,36
"4037",18,42
"4038",18,42
"4039",21,39
"4040",21,39
"4041",27,33
"4042",27,33
"4043",24,36
"4044",21,39
"4045",18,42
"4046",27,33
"4047",27,33
"4048",18,42
"4049",21,39
"4050",24,36
"4051",27,33
"4052",27,33
"4053",18,42
"4054",27,33
"4055",27,33
"4056",27,33
"4057",18,42
"4058",27,33
"4059",27,33
"4060",27,33
"4061",27,33
"4062",24,36
"4063",24,36
"4064",27,33
"4065",18,42
"4066",18,42
"4067",27,33
"4068",24,36
"4069",27,33
"4070",21,39
"4071",27,33
"4072",27,33
"4073",27,33
"4074",21,39
"4075",27,33
"4076",18,42
"4077",27,33
"4078",27,33
"4079",27,33
"4080",27,33
"4081",21,39
"4082",27,33
"4083",27,33
"4084",18,42
"4085",27,33
"4086",24,36
"4087",24,36
"4088",27,33
"4089",27,33
"4090",27,33
"4091",27,33
"4092",27,33
"4093",27,33
"4094",24,36
"4095",27,33
"4096",18,42
"4097",21,39
"4098",18,42
"4099",21,39
"4100",18,42
"4101",27,33
"4102",21,39
"4103",21,39
"4104",24,36
"4105",21,39
"4106",24,36
"4107",27,33
"4108",27,33
"4109",27,33
"4110",21,39
"4111",24,36
"4112",24,36
"4113",27,33
"4114",18,42
"4115",27,33
"4116",27,33
"4117",27,33
"4118",27,33
"4119",24,36
"4120",24,36
"4121",24,36
"4122",21,39
"4123",24,36
"4124",21,39
"4125",18,42
"4126",27,33
"4127",18,42
"4128",27,33
"4129",24,36
"4130",21,39
"4131",27,33
"4132",18,42
"4133",24,36
"4134",21,39
"4135",24,36
"4136",24,36
"4137",21,39
"4138",18,42
"4139",27,33
"4140",27,33
"4141",21,39
"4142",21,39
"4143",24,36
"4144",21,39
"4145",18,42
"4146",24,36
"4147",27,33
"4148",27,33
"4149",27,33
"4150",24,36
"4151",24,36
"4152",24,36
"4153",21,39
"4154",24,36
"4155",21,39
"4156",27,33
"4157",21,39
"4158",24,36
"4159",24,36
"4160",21,39
"4161",27,33
"4162",27,33
"4163",18,42
"4164",27,33
"4165",27,33
"4166",24,36
"4167",24,36
"4168",21,39
"4169",27,33
"4170",27,33
"4171",21,39
"4172",24,36
"4173",18,42
"4174",27,33
"4175",24,36
"4176",18,42
"4177",21,39
"4178",24,36
"4179",27,33
"4180",21,39
"4181",27,33
"4182",21,39
"4183",18,42
"4184",27,33
"4185",18,42
"4186",24,36
"4187",27,33
"4188",27,33
"4189",24,36
"4190",24,36
"4191",27,33
"4192",27,33
"4193",24,36
"4194",27,33
"4195",18,42
"4196",27,33
"4197",27,33
"4198",24,36
"4199",24,36
"4200",24,36
"4201",18,42
"4202",18,42
"4203",21,39
"4204",27,33
"4205",24,36
"4206",27,33
"4207",27,33
"4208",27,33
"4209",18,42
"4210",21,39
"4211",18,42
"4212",27,33
"4213",27,33
"4214",24,36
"4215",21,39
"4216",18,42
"4217",21,39
"4218",18,42
"4219",27,33
"4220",21,39
"4221",27,33
"4222",18,42
"4223",24,36
"4224",27,33
"4225",24,36
"4226",27,33
"4227",24,36
"4228",18,42
"4229",21,39
"4230",27,33
"4231",18,42
"4232",27,33
"4233",24,36
"4234",27,33
"4235",18,42
"4236",27,33
"4237",18,42
"4238",27,33
"4239",27,33
"4240",27,33
"4241",27,33
"4242",18,42
"4243",21,39
"4244",21,39
"4245",24,36
"4246",27,33
"4247",18,42
"4248",21,39
"4249",24,36
"4250",24,36
"4251",21,39
"4252",27,33
"4253",24,36
"4254",18,42
"4255",18,42
"4256",27,33
"4257",21,39
"4258",24,36
"4259",24,36
"4260",18,42
"4261",21,39
"4262",27,33
"4263",21,39
"4264",27,33
"4265",18,42
"4266",24,36
"4267",24,36
"4268",18,42
"4269",24,36
"4270",24,36
"4271",27,33
"4272",27,33
"4273",27,33
"4274",27,33
"4275",27,33
"4276",27,33
"4277",18,42
"4278",27,33
"4279",27,33
"4280",24,36
"4281",27,33
"4282",27,33
"4283",24,36
"4284",27,33
"4285",21,39
"4286",18,42
"4287",27,33
"4288",27,33
"4289",27,33
"4290",18,42
"4291",18,42
"4292",27,33
"4293",24,36
"4294",18,42
"4295",27,33
"4296",18,42
"4297",27,33
"4298",24,36
"4299",21,39
"4300",18,42
"4301",27,33
"4302",21,39
"4303",27,33
"4304",27,33
"4305",18,42
"4306",24,36
"4307",27,33
"4308",27,33
"4309",18,42
"4310",24,36
"4311",27,33
"4312",21,39
"4313",24,36
"4314",27,33
"4315",18,42
"4316",27,33
"4317",21,39
"4318",18,42
"4319",27,33
"4320",18,42
"4321",21,39
"4322",27,33
"4323",24,36
"4324",27,33
"4325",21,39
"4326",27,33
"4327",27,33
"4328",18,42
"4329",24,36
"4330",18,42
"4331",21,39
"4332",24,36
"4333",27,33
"4334",21,39
"4335",24,36
"4336",27,33
"4337",27,33
"4338",27,33
"4339",24,36
"4340",24,36
"4341",18,42
"4342",27,33
"4343",18,42
"4344",18,42
"4345",27,33
"4346",27,33
"4347",27,33
"4348",27,33
"4349",24,36
"4350",18,42
"4351",24,36
"4352",18,42
"4353",21,39
"4354",21,39
"4355",27,33
"4356",18,42
"4357",24,36
"4358",27,33
"4359",18,42
"4360",27,33
"4361",21,39
"4362",24,36
"4363",18,42
"4364",18,42
"4365",27,33
"4366",21,39
"4367",27,33
"4368",27,33
"4369",27,33
"4370",18,42
"4371",18,42
"4372",18,42
"4373",18,42
"4374",27,33
"4375",27,33
"4376",27,33
"4377",18,42
"4378",27,33
"4379",24,36
"4380",27,33
"4381",21,39
"4382",27,33
"4383",18,42
"4384",18,42
"4385",24,36
"4386",21,39
"4387",24,36
"4388",18,42
"4389",18,42
"4390",27,33
"4391",27,33
"4392",27,33
"4393",27,33
"4394",27,33
"4395",18,42
"4396",27,33
"4397",27,33
"4398",18,42
"4399",27,33
"4400",27,33
"4401",27,33
"4402",27,33
"4403",18,42
"4404",21,39
"4405",27,33
"4406",18,42
"4407",24,36
"4408",24,36
"4409",27,33
"4410",27,33
"4411",21,39
"4412",24,36
"4413",27,33
"4414",27,33
"4415",27,33
"4416",24,36
"4417",27,33
"4418",27,33
"4419",27,33
"4420",18,42
"4421",27,33
"4422",21,39
"4423",21,39
"4424",21,39
"4425",24,36
"4426",24,36
"4427",24,36
"4428",27,33
"4429",27,33
"4430",21,39
"4431",24,36
"4432",27,33
"4433",18,42
"4434",18,42
"4435",18,42
"4436",18,42
"4437",18,42
"4438",27,21
"4439",24,36
"4440",24,36
"4441",24,36
"4442",24,36
"4443",18,42
"4444",27,33
"4445",21,39
"4446",27,33
"4447",27,33
"4448",24,36
"4449",27,33
"4450",27,33
"4451",27,33
"4452",27,33
"4453",24,36
"4454",18,42
"4455",18,42
"4456",27,33
"4457",27,33
"4458",24,36
"4459",21,39
"4460",21,39
"4461",18,42
"4462",27,33
"4463",24,36
"4464",27,33
"4465",27,33
"4466",27,33
"4467",27,33
"4468",21,39
"4469",21,39
"4470",18,42
"4471",18,42
"4472",24,36
"4473",27,33
"4474",24,36
"4475",27,33
"4476",18,42
"4477",27,33
"4478",27,33
"4479",24,36
"4480",27,33
"4481",27,33
"4482",18,42
"4483",27,33
"4484",24,36
"4485",27,33
"4486",27,33
"4487",24,36
"4488",27,33
"4489",21,39
"4490",21,39
"4491",24,36
"4492",27,33
"4493",18,42
"4494",18,42
"4495",27,33
"4496",27,33
"4497",18,42
"4498",27,33
"4499",24,6
"4500",27,33
"4501",24,36
"4502",18,42
"4503",27,33
"4504",24,36
"4505",18,42
"4506",27,33
"4507",24,36
"4508",24,36
"4509",24,36
"4510",24,36
"4511",27,33
"4512",27,33
"4513",27,33
"4514",27,33
"4515",27,33
"4516",21,39
"4517",21,39
"4518",21,39
"4519",18,42
"4520",27,33
"4521",24,36
"4522",18,42
"4523",18,42
"4524",24,36
"4525",27,33
"4526",18,42
"4527",27,33
"4528",18,42
"4529",18,42
"4530",24,36
"4531",24,36
"4532",18,42
"4533",18,42
"4534",24,36
"4535",24,36
"4536",18,42
"4537",18,42
"4538",27,33
"4539",27,33
"4540",18,42
"4541",24,36
"4542",27,33
"4543",27,33
"4544",18,42
"4545",24,36
"4546",21,39
"4547",24,36
"4548",24,36
"4549",21,39
"4550",18,42
"4551",24,36
"4552",21,39
"4553",24,36
"4554",27,33
"4555",27,33
"4556",27,33
"4557",18,42
"4558",27,33
"4559",27,33
"4560",24,36
"4561",24,36
"4562",18,42
"4563",24,36
"4564",27,33
"4565",21,39
"4566",27,33
"4567",18,42
"4568",18,42
"4569",27,33
"4570",21,39
"4571",27,33
"4572",24,36
"4573",18,42
"4574",27,33
"4575",27,33
"4576",27,33
"4577",24,36
"4578",24,36
"4579",27,33
"4580",24,36
"4581",27,33
"4582",27,33
"4583",27,33
"4584",24,36
"4585",27,33
"4586",21,39
"4587",21,39
"4588",27,33
"4589",27,33
"4590",18,42
"4591",24,36
"4592",21,39
"4593",24,36
"4594",24,36
"4595",27,33
"4596",18,42
"4597",24,36
"4598",24,36
"4599",21,39
"4600",24,36
"4601",18,42
"4602",27,33
"4603",21,39
"4604",24,36
"4605",27,33
"4606",27,33
"4607",27,33
"4608",18,42
"4609",27,33
"4610",18,42
"4611",18,42
"4612",18,42
"4613",24,36
"4614",18,42
"4615",27,33
"4616",27,33
"4617",27,33
"4618",27,33
"4619",27,33
"4620",27,33
"4621",24,36
"4622",27,33
"4623",24,36
"4624",21,39
"4625",18,42
"4626",24,36
"4627",21,39
"4628",24,36
"4629",18,42
"4630",27,33
"4631",27,33
"4632",27,33
"4633",24,36
"4634",27,33
"4635",24,36
"4636",24,36
"4637",27,33
"4638",24,36
"4639",24,36
"4640",21,39
"4641",24,36
"4642",27,33
"4643",21,39
"4644",27,33
"4645",27,33
"4646",18,42
"4647",24,36
"4648",27,33
"4649",18,42
"4650",18,42
"4651",18,42
"4652",21,39
"4653",18,42
"4654",27,33
"4655",27,33
"4656",18,42
"4657",27,33
"4658",27,33
"4659",24,36
"4660",21,39
"4661",27,33
"4662",27,33
"4663",27,33
"4664",21,39
"4665",27,33
"4666",24,36
"4667",21,39
"4668",27,33
"4669",21,39
"4670",18,42
"4671",27,33
"4672",27,33
"4673",27,33
"4674",24,36
"4675",27,33
"4676",18,42
"4677",27,33
"4678",21,39
"4679",18,42
"4680",18,42
"4681",27,33
"4682",24,36
"4683",27,33
"4684",27,33
"4685",24,36
"4686",18,42
"4687",18,42
"4688",18,42
"4689",24,36
"4690",27,33
"4691",27,33
"4692",24,36
"4693",21,39
"4694",27,33
"4695",18,42
"4696",27,33
"4697",27,33
"4698",21,39
"4699",27,33
"4700",27,33
"4701",27,33
"4702",21,39
"4703",21,39
"4704",21,39
"4705",27,33
"4706",24,36
"4707",21,39
"4708",21,39
"4709",27,33
"4710",24,36
"4711",24,36
"4712",21,39
"4713",27,33
"4714",18,42
"4715",18,42
"4716",18,12
"4717",18,42
"4718",18,42
"4719",24,36
"4720",27,33
"4721",21,39
"4722",24,36
"4723",27,33
"4724",18,42
"4725",27,33
"4726",27,33
"4727",21,39
"4728",27,33
"4729",24,36
"4730",21,39
"4731",27,33
"4732",24,36
"4733",27,33
"4734",27,33
"4735",27,33
"4736",24,36
"4737",21,39
"4738",24,6
"4739",27,33
"4740",24,36
"4741",27,33
"4742",27,33
"4743",24,36
"4744",18,42
"4745",18,42
"4746",27,33
"4747",18,42
"4748",27,33
"4749",27,33
"4750",18,42
"4751",21,39
"4752",27,33
"4753",27,33
"4754",27,33
"4755",27,33
"4756",18,42
"4757",21,39
"4758",18,42
"4759",27,33
"4760",27,33
"4761",18,42
"4762",27,33
"4763",27,33
"4764",27,33
"4765",24,36
"4766",24,36
"4767",27,33
"4768",27,33
"4769",21,39
"4770",24,36
"4771",18,42
"4772",24,36
"4773",24,36
"4774",27,33
"4775",18,42
"4776",24,36
"4777",27,33
"4778",27,33
"4779",18,42
"4780",18,42
"4781",21,39
"4782",18,42
"4783",27,33
"4784",24,36
"4785",18,42
"4786",24,36
"4787",27,33
"4788",18,42
"4789",18,42
"4790",27,33
"4791",27,33
"4792",27,33
"4793",27,33
"4794",24,36
"4795",27,33
"4796",27,33
"4797",18,42
"4798",27,33
"4799",18,42
"4800",21,39
"4801",21,39
"4802",21,39
"4803",27,33
"4804",24,36
"4805",27,33
"4806",18,42
"4807",27,33
"4808",24,36
"4809",24,36
"4810",21,39
"4811",27,33
"4812",27,33
"4813",18,42
"4814",27,33
"4815",24,36
"4816",18,42
"4817",18,42
"4818",21,39
"4819",27,33
"4820",27,33
"4821",27,33
"4822",18,42
"4823",18,42
"4824",27,33
"4825",18,42
"4826",27,33
"4827",21,39
"4828",24,36
"4829",21,39
"4830",24,36
"4831",24,36
"4832",27,33
"4833",27,33
"4834",27,33
"4835",27,33
"4836",21,39
"4837",18,42
"4838",24,36
"4839",27,33
"4840",18,42
"4841",24,36
"4842",21,39
"4843",27,33
"4844",18,42
"4845",27,33
"4846",27,33
"4847",27,33
"4848",27,33
"4849",27,33
"4850",18,42
"4851",27,33
"4852",27,33
"4853",21,39
"4854",18,42
"4855",18,42
"4856",21,39
"4857",24,36
"4858",24,36
"4859",27,33
"4860",27,33
"4861",21,39
"4862",18,42
"4863",12,48
"4864",27,33
"4865",21,39
"4866",18,42
"4867",27,33
"4868",27,33
"4869",21,39
"4870",21,39
"4871",24,36
"4872",27,33
"4873",24,36
"4874",24,36
"4875",24,36
"4876",21,39
"4877",24,36
"4878",27,33
"4879",18,42
"4880",18,42
"4881",27,33
"4882",21,39
"4883",18,42
"4884",24,36
"4885",15,45
"4886",24,36
"4887",21,39
"4888",27,33
"4889",18,42
"4890",24,36
"4891",27,33
"4892",27,33
"4893",18,42
"4894",27,33
"4895",21,39
"4896",24,36
"4897",24,36
"4898",18,42
"4899",24,36
"4900",18,42
"4901",27,33
"4902",18,42
"4903",24,36
"4904",24,36
"4905",27,33
"4906",27,33
"4907",21,39
"4908",21,39
"4909",18,42
"4910",21,27
"4911",18,42
"4912",21,39
"4913",24,36
"4914",18,42
"4915",24,36
"4916",18,42
"4917",27,33
"4918",18,42
"4919",27,33
"4920",24,36
"4921",27,33
"4922",21,39
"4923",27,33
"4924",27,33
"4925",27,33
"4926",27,33
"4927",27,33
"4928",24,36
"4929",24,36
"4930",24,36
"4931",27,33
"4932",27,33
"4933",18,42
"4934",18,42
"4935",24,36
"4936",21,39
"4937",27,33
"4938",24,36
"4939",27,33
"4940",27,33
"4941",27,33
"4942",27,33
"4943",27,33
"4944",27,33
"4945",27,33
"4946",18,42
"4947",24,36
"4948",18,42
"4949",27,33
"4950",24,36
"4951",24,36
"4952",24,36
"4953",27,33
"4954",21,39
"4955",24,36
"4956",27,33
"4957",27,33
"4958",24,36
"4959",27,33
"4960",27,33
"4961",24,36
"4962",27,33
"4963",18,42
"4964",24,36
"4965",27,33
"4966",24,36
"4967",27,33
"4968",27,33
"4969",27,33
"4970",24,36
"4971",27,33
"4972",18,42
"4973",24,36
"4974",18,42
"4975",18,42
"4976",24,36
"4977",18,42
"4978",18,42
"4979",21,39
"4980",18,42
"4981",21,39
"4982",21,39
"4983",21,39
"4984",27,33
"4985",24,36
"4986",21,39
"4987",18,42
"4988",27,33
"4989",21,39
"4990",27,33
"4991",18,42
"4992",21,39
"4993",18,42
"4994",24,36
"4995",27,33
"4996",21,39
"4997",27,33
"4998",24,36
"4999",18,42
"5000",27,33
